kilometraje;precio;año;modelo_Model 3;modelo_Model S;modelo_Model Y;color_azul;color_blanco;color_gris;color_negro;color_plateado;color_rojo;pais_España;color_granate;color_marron;color_plata;modelo_Model X;pais_Francia;pais_Portugal
2622;82010;2024;0;1;0;0;1;0;0;0;0;1;0;0;0;0;0;0
6196;88990;2024;0;1;0;1;0;0;0;0;0;1;0;0;0;0;0;0
792;90610;2024;0;1;0;1;0;0;0;0;0;1;0;0;0;0;0;0
551;90770;2024;0;1;0;0;0;0;1;0;0;1;0;0;0;0;0;0
881;91500;2024;0;1;0;0;0;1;0;0;0;1;0;0;0;0;0;0
28;92030;2024;0;1;0;0;0;1;0;0;0;1;0;0;0;0;0;0
17;97750;2024;0;1;0;0;0;0;0;1;0;1;0;0;0;0;0;0
503;99600;2024;0;1;0;0;1;0;0;0;0;1;0;0;0;0;0;0
3652;101480;2024;0;1;0;0;0;0;1;0;0;1;0;0;0;0;0;0
99;102270;2024;0;1;0;0;1;0;0;0;0;1;0;0;0;0;0;0
0;102270;2024;0;1;0;0;1;0;0;0;0;1;0;0;0;0;0;0
1700;102540;2024;0;1;0;0;0;0;1;0;0;1;0;0;0;0;0;0
0;102580;2024;0;1;0;0;0;1;0;0;0;1;0;0;0;0;0;0
25;111850;2024;0;1;0;0;0;0;0;1;0;1;0;0;0;0;0;0
21;115680;2024;0;1;0;1;0;0;0;0;0;1;0;0;0;0;0;0
19;117100;2024;0;1;0;0;0;1;0;0;0;1;0;0;0;0;0;0
6671;35380;2024;1;0;0;0;0;0;0;1;0;1;0;0;0;0;0;0
5390;35640;2024;1;0;0;0;0;0;0;1;0;1;0;0;0;0;0;0
5001;35720;2024;1;0;0;0;0;0;0;1;0;1;0;0;0;0;0;0
6577;36270;2024;1;0;0;1;0;0;0;0;0;1;0;0;0;0;0;0
0;36470;2024;1;0;0;0;1;0;0;0;0;1;0;0;0;0;0;0
5580;36470;2024;1;0;0;1;0;0;0;0;0;1;0;0;0;0;0;0
7232;36740;2024;1;0;0;0;0;0;0;1;0;1;0;0;0;0;0;0
5550;37160;2024;1;0;0;0;0;0;0;1;0;1;0;0;0;0;0;0
5656;37310;2024;1;0;0;0;0;0;1;0;0;1;0;0;0;0;0;0
0;37520;2024;1;0;0;0;1;0;0;0;0;1;0;0;0;0;0;0
0;37520;2024;1;0;0;0;1;0;0;0;0;1;0;0;0;0;0;0
0;37770;2024;1;0;0;1;0;0;0;0;0;1;0;0;0;0;0;0
0;38070;2024;1;0;0;0;1;0;0;0;0;1;0;0;0;0;0;0
0;38070;2024;1;0;0;0;1;0;0;0;0;1;0;0;0;0;0;0
0;38470;2024;1;0;0;0;0;0;0;1;0;1;0;0;0;0;0;0
0;38470;2024;1;0;0;0;0;0;0;0;1;1;0;0;0;0;0;0
3351;38470;2024;1;0;0;0;0;1;0;0;0;1;0;0;0;0;0;0
0;38870;2024;1;0;0;0;1;0;0;0;0;1;0;0;0;0;0;0
0;39120;2024;1;0;0;0;1;0;0;0;0;1;0;0;0;0;0;0
0;39120;2024;1;0;0;1;0;0;0;0;0;1;0;0;0;0;0;0
0;39370;2024;1;0;0;1;0;0;0;0;0;1;0;0;0;0;0;0
0;39420;2024;1;0;0;0;1;0;0;0;0;1;0;0;0;0;0;0
0;39420;2024;1;0;0;0;1;0;0;0;0;1;0;0;0;0;0;0
15;39740;2024;1;0;0;0;0;0;0;1;0;1;0;0;0;0;0;0
0;39820;2024;1;0;0;0;0;0;0;1;0;1;0;0;0;0;0;0
0;40070;2024;1;0;0;0;0;0;0;1;0;1;0;0;0;0;0;0
0;41470;2024;1;0;0;0;1;0;0;0;0;1;0;0;0;0;0;0
0;42770;2024;1;0;0;0;0;0;1;0;0;1;0;0;0;0;0;0
0;43820;2024;1;0;0;0;0;0;1;0;0;1;0;0;0;0;0;0
0;44370;2024;1;0;0;0;0;0;1;0;0;1;0;0;0;0;0;0
2204;45980;2024;1;0;0;0;1;0;0;0;0;1;0;0;0;0;0;0
4790;46940;2024;1;0;0;0;1;0;0;0;0;1;0;0;0;0;0;0
5875;47450;2024;1;0;0;0;0;0;0;1;0;1;0;0;0;0;0;0
5797;47470;2024;1;0;0;0;0;0;0;1;0;1;0;0;0;0;0;0
2051;47650;2024;1;0;0;0;0;0;0;0;1;1;0;0;0;0;0;0
223;48340;2024;1;0;0;0;1;0;0;0;0;1;0;0;0;0;0;0
13;48360;2024;1;0;0;0;0;0;1;0;0;1;0;0;0;0;0;0
223;48570;2024;1;0;0;0;0;0;1;0;0;1;0;0;0;0;0;0
1203;48660;2024;1;0;0;0;0;0;0;1;0;1;0;0;0;0;0;0
0;48760;2024;1;0;0;0;1;0;0;0;0;1;0;0;0;0;0;0
0;49040;2024;1;0;0;0;0;0;0;1;0;1;0;0;0;0;0;0
25;49060;2024;1;0;0;1;0;0;0;0;0;1;0;0;0;0;0;0
4446;49280;2024;1;0;0;0;0;0;0;1;0;1;0;0;0;0;0;0
0;49810;2024;1;0;0;0;1;0;0;0;0;1;0;0;0;0;0;0
440;49930;2024;1;0;0;0;1;0;0;0;0;1;0;0;0;0;0;0
3362;49990;2024;1;0;0;1;0;0;0;0;0;1;0;0;0;0;0;0
0;50060;2024;1;0;0;0;0;1;0;0;0;1;0;0;0;0;0;0
0;50060;2024;1;0;0;0;0;0;1;0;0;1;0;0;0;0;0;0
0;50060;2024;1;0;0;1;0;0;0;0;0;1;0;0;0;0;0;0
0;50060;2024;1;0;0;1;0;0;0;0;0;1;0;0;0;0;0;0
5949;42750;2024;0;0;1;0;0;0;1;0;0;1;0;0;0;0;0;0
2798;43440;2024;0;0;1;0;0;0;1;0;0;1;0;0;0;0;0;0
0;44260;2024;0;0;1;0;1;0;0;0;0;1;0;0;0;0;0;0
6282;44490;2024;0;0;1;0;1;0;0;0;0;1;0;0;0;0;0;0
6998;44590;2024;0;0;1;1;0;0;0;0;0;1;0;0;0;0;0;0
5091;44970;2024;0;0;1;0;0;0;1;0;0;1;0;0;0;0;0;0
16846;45500;2024;0;0;1;0;0;0;0;1;0;1;0;0;0;0;0;0
0;45560;2024;0;0;1;1;0;0;0;0;0;1;0;0;0;0;0;0
0;45560;2024;0;0;1;0;0;0;1;0;0;1;0;0;0;0;0;0
7986;45560;2024;0;0;1;0;1;0;0;0;0;1;0;0;0;0;0;0
8013;45560;2024;0;0;1;0;1;0;0;0;0;1;0;0;0;0;0;0
1317;45750;2024;0;0;1;0;1;0;0;0;0;1;0;0;0;0;0;0
5128;45990;2024;0;0;1;1;0;0;0;0;0;1;0;0;0;0;0;0
1011;46790;2024;0;0;1;0;0;0;0;0;1;1;0;0;0;0;0;0
4075;46830;2024;0;0;1;0;0;0;0;0;1;1;0;0;0;0;0;0
1991;46930;2024;0;0;1;0;1;0;0;0;0;1;0;0;0;0;0;0
3293;47090;2024;0;0;1;0;0;0;0;0;1;1;0;0;0;0;0;0
4462;47580;2024;0;0;1;0;1;0;0;0;0;1;0;0;0;0;0;0
0;47660;2024;0;0;1;1;0;0;0;0;0;1;0;0;0;0;0;0
7085;48110;2024;0;0;1;0;1;0;0;0;0;1;0;0;0;0;0;0
2952;48210;2024;0;0;1;0;0;0;0;0;1;1;0;0;0;0;0;0
2376;48210;2024;0;0;1;0;1;0;0;0;0;1;0;0;0;0;0;0
3274;49030;2024;0;0;1;0;0;0;0;1;0;1;0;0;0;0;0;0
2036;49040;2024;0;0;1;0;1;0;0;0;0;1;0;0;0;0;0;0
0;49160;2024;0;0;1;0;1;0;0;0;0;1;0;0;0;0;0;0
0;49410;2024;0;0;1;1;0;0;0;0;0;1;0;0;0;0;0;0
211;49790;2024;0;0;1;0;1;0;0;0;0;1;0;0;0;0;0;0
26;49830;2024;0;0;1;0;1;0;0;0;0;1;0;0;0;0;0;0
400;49840;2024;0;0;1;0;1;0;0;0;0;1;0;0;0;0;0;0
3723;49970;2024;0;0;1;0;0;0;0;1;0;1;0;0;0;0;0;0
0;50160;2024;0;0;1;0;0;0;1;0;0;1;0;0;0;0;0;0
4042;50500;2024;0;0;1;0;0;0;0;0;1;1;0;0;0;0;0;0
3179;50560;2024;0;0;1;0;1;0;0;0;0;1;0;0;0;0;0;0
2501;51020;2024;0;0;1;1;0;0;0;0;0;1;0;0;0;0;0;0
5;51070;2024;0;0;1;0;0;0;0;1;0;1;0;0;0;0;0;0
2857;51420;2024;0;0;1;1;0;0;0;0;0;1;0;0;0;0;0;0
0;51760;2024;0;0;1;0;1;0;0;0;0;1;0;0;0;0;0;0
0;51760;2024;0;0;1;0;1;0;0;0;0;1;0;0;0;0;0;0
0;51760;2024;0;0;1;0;1;0;0;0;0;1;0;0;0;0;0;0
1520;52550;2024;0;0;1;0;0;0;1;0;0;1;0;0;0;0;0;0
0;52810;2024;0;0;1;0;1;0;0;0;0;1;0;0;0;0;0;0
26;53050;2024;0;0;1;0;1;0;0;0;0;1;0;0;0;0;0;0
0;53060;2024;0;0;1;0;0;0;1;0;0;1;0;0;0;0;0;0
0;53060;2024;0;0;1;0;0;0;1;0;0;1;0;0;0;0;0;0
10;53090;2024;0;0;1;0;0;0;1;0;0;1;0;0;0;0;0;0
565;54910;2024;0;0;1;0;1;0;0;0;0;1;0;0;0;0;0;0
0;55070;2024;0;0;1;0;1;0;0;0;0;1;0;0;0;0;0;0
0;55070;2024;0;0;1;0;1;0;0;0;0;1;0;0;0;0;0;0
0;55070;2024;0;0;1;0;1;0;0;0;0;1;0;0;0;0;0;0
2276;55220;2024;0;0;1;0;1;0;0;0;0;1;0;0;0;0;0;0
24000;31990;2015;0;1;0;1;0;0;0;0;0;1;0;0;0;0;0;0
39000;33999;2023;0;1;0;1;0;0;0;0;0;1;0;0;0;0;0;0
96000;48900;2019;0;1;0;1;0;0;0;0;0;1;0;0;0;0;0;0
49000;31500;2021;0;1;0;1;0;0;0;0;0;1;0;0;0;0;0;0
89831;38890;2019;0;1;0;1;0;0;0;0;0;1;0;0;0;0;0;0
47479;28490;2020;0;1;0;1;0;0;0;0;0;1;0;0;0;0;0;0
129446;21500;2020;0;1;0;1;0;0;0;0;0;1;0;0;0;0;0;0
39413;28990;2019;0;1;0;1;0;0;0;0;0;1;0;0;0;0;0;0
63000;35475;2021;0;1;0;1;0;0;0;0;0;1;0;0;0;0;0;0
25700;49995;2023;0;1;0;1;0;0;0;0;0;1;0;0;0;0;0;0
124839;26940;2019;0;1;0;1;0;0;0;0;0;1;0;0;0;0;0;0
240000;34900;2017;0;1;0;1;0;0;0;0;0;1;0;0;0;0;0;0
24000;31990;2015;0;1;0;1;0;0;0;0;0;1;0;0;0;0;0;0
220000;35000;2014;0;1;0;1;0;0;0;0;0;1;0;0;0;0;0;0
109900;42900;2020;0;1;0;1;0;0;0;0;0;1;0;0;0;0;0;0
60000;31990;2021;0;1;0;1;0;0;0;0;0;1;0;0;0;0;0;0
2490;42500;2024;0;1;0;1;0;0;0;0;0;1;0;0;0;0;0;0
57000;27950;2022;1;0;0;1;0;0;0;0;0;1;0;0;0;0;0;0
21318;29700;2020;1;0;0;1;0;0;0;0;0;1;0;0;0;0;0;0
74000;37900;2017;1;0;0;1;0;0;0;0;0;1;0;0;0;0;0;0
93000;27450;2021;1;0;0;1;0;0;0;0;0;1;0;0;0;0;0;0
65000;27850;2022;1;0;0;1;0;0;0;0;0;1;0;0;0;0;0;0
93000;27450;2021;1;0;0;1;0;0;0;0;0;1;0;0;0;0;0;0
58000;54900;2020;1;0;0;1;0;0;0;0;0;1;0;0;0;0;0;0
137183;25000;2019;1;0;0;1;0;0;0;0;0;1;0;0;0;0;0;0
65000;27850;2022;1;0;0;1;0;0;0;0;0;1;0;0;0;0;0;0
57000;27950;2022;1;0;0;1;0;0;0;0;0;1;0;0;0;0;0;0
35000;49999;2020;1;0;0;1;0;0;0;0;0;1;0;0;0;0;0;0
43000;37000;2021;1;0;0;1;0;0;0;0;0;1;0;0;0;0;0;0
78713;24995;2021;1;0;0;1;0;0;0;0;0;1;0;0;0;0;0;0
63000;25990;2022;1;0;0;1;0;0;0;0;0;1;0;0;0;0;0;0
57000;28990;2021;1;0;0;0;1;0;0;0;0;1;0;0;0;0;0;0
170000;44800;2019;1;0;0;0;1;0;0;0;0;1;0;0;0;0;0;0
34162;62490;2020;1;0;0;0;1;0;0;0;0;1;0;0;0;0;0;0
52000;60900;2020;1;0;0;0;1;0;0;0;0;1;0;0;0;0;0;0
78000;26900;2019;1;0;0;0;1;0;0;0;0;1;0;0;0;0;0;0
33740;33100;2019;1;0;0;0;1;0;0;0;0;1;0;0;0;0;0;0
334;40500;2024;1;0;0;0;1;0;0;0;0;1;0;0;0;0;0;0
12122;35500;2024;1;0;0;0;1;0;0;0;0;1;0;0;0;0;0;0
63776;32990;2021;1;0;0;0;1;0;0;0;0;1;0;0;0;0;0;0
71000;26999;2019;1;0;0;0;1;0;0;0;0;1;0;0;0;0;0;0
18000;79990;2021;1;0;0;0;1;0;0;0;0;1;0;0;0;0;0;0
88024;43990;2016;1;0;0;0;1;0;0;0;0;1;0;0;0;0;0;0
84188;28490;2020;1;0;0;0;1;0;0;0;0;1;0;0;0;0;0;0
44998;31490;2023;1;0;0;0;1;0;0;0;0;1;0;0;0;0;0;0
85000;54990;2019;1;0;0;0;1;0;0;0;0;1;0;0;0;0;0;0
16000;89900;2023;1;0;0;0;1;0;0;0;0;1;0;0;0;0;0;0
77000;33900;2020;1;0;0;0;1;0;0;0;0;1;0;0;0;0;0;0
56000;49700;2017;0;1;0;0;1;0;0;0;0;1;0;0;0;0;0;0
8900;39900;2022;0;1;0;0;1;0;0;0;0;1;0;0;0;0;0;0
64500;52900;2019;0;1;0;0;1;0;0;0;0;1;0;0;0;0;0;0
53000;27990;2019;0;1;0;0;1;0;0;0;0;1;0;0;0;0;0;0
36000;32990;2021;0;1;0;0;1;0;0;0;0;1;0;0;0;0;0;0
52000;47900;2017;0;1;0;0;1;0;0;0;0;1;0;0;0;0;0;0
27277;27490;2020;0;1;0;0;1;0;0;0;0;1;0;0;0;0;0;0
7895;44990;2024;0;1;0;0;1;0;0;0;0;1;0;0;0;0;0;0
169800;28990;2019;0;1;0;0;1;0;0;0;0;1;0;0;0;0;0;0
60000;33990;2022;0;1;0;0;1;0;0;0;0;1;0;0;0;0;0;0
77000;28850;2020;0;1;0;0;1;0;0;0;0;1;0;0;0;0;0;0
1;49900;2024;0;1;0;0;1;0;0;0;0;1;0;0;0;0;0;0
9294;42950;2023;0;1;0;0;1;0;0;0;0;1;0;0;0;0;0;0
421;37990;2024;0;1;0;0;1;0;0;0;0;1;0;0;0;0;0;0
140000;42990;2020;0;1;0;0;1;0;0;0;0;1;0;0;0;0;0;0
69000;33975;2021;0;1;0;0;1;0;0;0;0;1;0;0;0;0;0;0
46686;39900;2023;0;0;1;0;1;0;0;0;0;1;0;0;0;0;0;0
78436;32590;2020;0;0;1;0;1;0;0;0;0;1;0;0;0;0;0;0
39900;37500;2021;0;0;1;0;1;0;0;0;0;1;0;0;0;0;0;0
77000;28850;2020;0;0;1;0;1;0;0;0;0;1;0;0;0;0;0;0
4430;85200;2023;0;0;1;0;1;0;0;0;0;1;0;0;0;0;0;0
51900;41900;2022;0;0;1;0;1;0;0;0;0;1;0;0;0;0;0;0
110000;42999;2019;0;0;1;0;1;0;0;0;0;1;0;0;0;0;0;0
98226;31890;2021;0;0;1;0;1;0;0;0;0;1;0;0;0;0;0;0
180000;25990;2019;0;0;1;0;1;0;0;0;0;1;0;0;0;0;0;0
14000;32500;2020;0;0;1;0;1;0;0;0;0;1;0;0;0;0;0;0
42901;33990;2021;0;0;1;0;1;0;0;0;0;1;0;0;0;0;0;0
1;49900;2024;0;0;1;0;1;0;0;0;0;1;0;0;0;0;0;0
77000;33900;2020;0;0;1;0;1;0;0;0;0;1;0;0;0;0;0;0
15040;87400;2023;0;0;1;0;1;0;0;0;0;1;0;0;0;0;0;0
79900;39900;2018;0;0;1;0;1;0;0;0;0;1;0;0;0;0;0;0
33900;39990;2023;0;0;1;0;1;0;0;0;0;1;0;0;0;0;0;0
95000;23900;2019;1;0;0;0;1;0;0;0;0;1;0;0;0;0;0;0
113000;26850;2020;1;0;0;0;1;0;0;0;0;1;0;0;0;0;0;0
55000;35900;2021;1;0;0;0;1;0;0;0;0;1;0;0;0;0;0;0
48523;43900;2022;1;0;0;0;1;0;0;0;0;1;0;0;0;0;0;0
70000;26999;2019;1;0;0;0;1;0;0;0;0;1;0;0;0;0;0;0
7925;46990;2024;1;0;0;0;1;0;0;0;0;1;0;0;0;0;0;0
58000;35900;2022;1;0;0;0;1;0;0;0;0;1;0;0;0;0;0;0
37418;37600;2022;1;0;0;0;1;0;0;0;0;1;0;0;0;0;0;0
116000;29900;2020;1;0;0;0;1;0;0;0;0;1;0;0;0;0;0;0
26000;31850;2020;1;0;0;0;1;0;0;0;0;1;0;0;0;0;0;0
113000;26850;2020;1;0;0;0;1;0;0;0;0;1;0;0;0;0;0;0
28000;37900;2019;1;0;0;0;1;0;0;0;0;1;0;0;0;0;0;0
120000;27500;2020;1;0;0;0;1;0;0;0;0;1;0;0;0;0;0;0
49900;37500;2022;1;0;0;0;1;0;0;0;0;1;0;0;0;0;0;0
88000;29900;2019;1;0;0;0;1;0;0;0;0;1;0;0;0;0;0;0
56000;36500;2021;1;0;0;0;1;0;0;0;0;1;0;0;0;0;0;0
26000;31850;2020;1;0;0;0;1;0;0;0;0;1;0;0;0;0;0;0
88000;26900;2021;1;0;0;0;1;0;0;0;0;1;0;0;0;0;0;0
40500;28000;2020;1;0;0;0;1;0;0;0;0;1;0;0;0;0;0;0
9094;83000;2023;1;0;0;0;1;0;0;0;0;1;0;0;0;0;0;0
188000;24550;2015;1;0;0;0;1;0;0;0;0;1;0;0;0;0;0;0
57000;28990;2021;1;0;0;0;1;0;0;0;0;1;0;0;0;0;0;0
124650;21800;2020;1;0;0;0;1;0;0;0;0;1;0;0;0;0;0;0
69855;31999;2019;1;0;0;0;0;0;0;0;0;1;1;0;0;0;0;0
88000;29995;2018;1;0;0;0;0;0;0;0;0;1;1;0;0;0;0;0
138000;26990;2020;1;0;0;0;0;1;0;0;0;1;0;0;0;0;0;0
114000;28995;2016;1;0;0;0;0;1;0;0;0;1;0;0;0;0;0;0
97000;36490;2017;1;0;0;0;0;1;0;0;0;1;0;0;0;0;0;0
15000;79900;2022;1;0;0;0;0;1;0;0;0;1;0;0;0;0;0;0
84179;43990;2018;1;0;0;0;0;1;0;0;0;1;0;0;0;0;0;0
128084;21500;2020;1;0;0;0;0;1;0;0;0;1;0;0;0;0;0;0
55852;37890;2023;1;0;0;0;0;1;0;0;0;1;0;0;0;0;0;0
58000;54900;2021;1;0;0;0;0;1;0;0;0;1;0;0;0;0;0;0
130000;37500;2017;1;0;0;0;0;1;0;0;0;1;0;0;0;0;0;0
114114;39890;2019;1;0;0;0;0;1;0;0;0;1;0;0;0;0;0;0
175268;28995;2018;1;0;0;0;0;1;0;0;0;1;0;0;0;0;0;0
58431;37490;2021;1;0;0;0;0;1;0;0;0;1;0;0;0;0;0;0
51426;55900;2019;1;0;0;0;0;1;0;0;0;1;0;0;0;0;0;0
44900;32490;2021;1;0;0;0;0;1;0;0;0;1;0;0;0;0;0;0
68000;29990;2022;1;0;0;0;0;1;0;0;0;1;0;0;0;0;0;0
113154;22450;2019;1;0;0;0;0;1;0;0;0;1;0;0;0;0;0;0
125000;43500;2017;0;1;0;0;0;1;0;0;0;1;0;0;0;0;0;0
68000;58498;2019;0;1;0;0;0;1;0;0;0;1;0;0;0;0;0;0
37500;46500;2019;0;1;0;0;0;1;0;0;0;1;0;0;0;0;0;0
88000;25800;2019;0;1;0;0;0;1;0;0;0;1;0;0;0;0;0;0
59990;36900;2021;0;1;0;0;0;1;0;0;0;1;0;0;0;0;0;0
37500;46500;2019;0;1;0;0;0;1;0;0;0;1;0;0;0;0;0;0
15000;79900;2022;0;1;0;0;0;1;0;0;0;1;0;0;0;0;0;0
30686;34990;2021;0;1;0;0;0;1;0;0;0;1;0;0;0;0;0;0
99000;34990;2017;0;1;0;0;0;1;0;0;0;1;0;0;0;0;0;0
49990;32300;2022;0;1;0;0;0;1;0;0;0;1;0;0;0;0;0;0
26548;36800;2023;0;1;0;0;0;1;0;0;0;1;0;0;0;0;0;0
59000;39900;2021;0;1;0;0;0;1;0;0;0;1;0;0;0;0;0;0
1;259900;2024;0;1;0;0;0;1;0;0;0;1;0;0;0;0;0;0
46500;36500;2021;0;1;0;0;0;1;0;0;0;1;0;0;0;0;0;0
128000;25850;2020;0;1;0;0;0;1;0;0;0;1;0;0;0;0;0;0
175000;28000;2015;0;1;0;0;0;1;0;0;0;1;0;0;0;0;0;0
128000;25850;2020;1;0;0;0;0;1;0;0;0;1;0;0;0;0;0;0
74862;38990;2020;1;0;0;0;0;1;0;0;0;1;0;0;0;0;0;0
98000;25990;2015;0;1;0;0;0;0;0;0;0;1;0;1;0;0;0;0
98000;25990;2015;0;1;0;0;0;0;0;0;0;1;0;1;0;0;0;0
382100;20999;2017;0;1;0;0;0;0;0;0;0;1;0;1;0;0;0;0
60000;26995;2016;0;1;0;0;0;0;0;0;0;1;0;1;0;0;0;0
32000;32000;2014;0;1;0;0;0;0;0;0;0;1;0;1;0;0;0;0
143350;38990;2018;0;1;0;0;0;0;1;0;0;1;0;0;0;0;0;0
143350;38990;2018;0;1;0;0;0;0;1;0;0;1;0;0;0;0;0;0
49000;45900;2019;0;1;0;0;0;0;1;0;0;1;0;0;0;0;0;0
70604;34500;2018;0;1;0;0;0;0;1;0;0;1;0;0;0;0;0;0
104900;24900;2019;0;1;0;0;0;0;1;0;0;1;0;0;0;0;0;0
25789;36900;2022;0;1;0;0;0;0;1;0;0;1;0;0;0;0;0;0
66066;56990;2020;0;1;0;0;0;0;1;0;0;1;0;0;0;0;0;0
146765;24995;2019;0;1;0;0;0;0;1;0;0;1;0;0;0;0;0;0
89500;42890;2019;0;1;0;0;0;0;1;0;0;1;0;0;0;0;0;0
36413;36500;2022;0;1;0;0;0;0;1;0;0;1;0;0;0;0;0;0
133500;49900;2016;0;1;0;0;0;0;1;0;0;1;0;0;0;0;0;0
10000;59900;2022;0;1;0;0;0;0;1;0;0;1;0;0;0;0;0;0
152038;29960;2017;0;1;0;0;0;0;1;0;0;1;0;0;0;0;0;0
30000;44999;2022;0;1;0;0;0;0;1;0;0;1;0;0;0;0;0;0
78590;48600;2016;0;1;0;0;0;0;1;0;0;1;0;0;0;0;0;0
124645;31800;2020;1;0;0;0;0;0;1;0;0;1;0;0;0;0;0;0
55000;36900;2021;1;0;0;0;0;0;1;0;0;1;0;0;0;0;0;0
129200;44900;2017;1;0;0;0;0;0;1;0;0;1;0;0;0;0;0;0
39847;44970;2022;1;0;0;0;0;0;1;0;0;1;0;0;0;0;0;0
99816;24990;2019;1;0;0;0;0;0;1;0;0;1;0;0;0;0;0;0
143205;21990;2019;1;0;0;0;0;0;1;0;0;1;0;0;0;0;0;0
55000;36900;2021;1;0;0;0;0;0;1;0;0;1;0;0;0;0;0;0
75000;23500;2019;1;0;0;0;0;0;1;0;0;1;0;0;0;0;0;0
79000;35999;2019;1;0;0;0;0;0;1;0;0;1;0;0;0;0;0;0
109000;26975;2017;1;0;0;0;0;0;1;0;0;1;0;0;0;0;0;0
72000;29475;2021;1;0;0;0;0;0;1;0;0;1;0;0;0;0;0;0
150000;21995;2019;1;0;0;0;0;0;1;0;0;1;0;0;0;0;0;0
7000;47990;2024;1;0;0;0;0;0;1;0;0;1;0;0;0;0;0;0
20000;49900;2022;1;0;0;0;0;0;1;0;0;1;0;0;0;0;0;0
68867;32490;2016;1;0;0;0;0;0;1;0;0;1;0;0;0;0;0;0
40000;33990;2021;1;0;0;0;0;0;1;0;0;1;0;0;0;0;0;0
17000;39990;2023;0;0;1;0;0;0;1;0;0;1;0;0;0;0;0;0
20000;33990;2022;0;0;1;0;0;0;1;0;0;1;0;0;0;0;0;0
33340;33950;2021;0;0;1;0;0;0;1;0;0;1;0;0;0;0;0;0
114000;31999;2018;0;0;1;0;0;0;1;0;0;1;0;0;0;0;0;0
155000;45900;2018;0;0;1;0;0;0;1;0;0;1;0;0;0;0;0;0
54500;59900;2019;0;0;1;0;0;0;1;0;0;1;0;0;0;0;0;0
10000;89900;2023;0;0;1;0;0;0;1;0;0;1;0;0;0;0;0;0
56250;34490;2020;0;0;1;0;0;0;1;0;0;1;0;0;0;0;0;0
68295;35500;2018;0;0;1;0;0;0;1;0;0;1;0;0;0;0;0;0
88000;24900;2019;0;0;1;0;0;0;1;0;0;1;0;0;0;0;0;0
111470;34500;2018;0;0;1;0;0;0;1;0;0;1;0;0;0;0;0;0
65000;39900;2021;0;0;1;0;0;0;1;0;0;1;0;0;0;0;0;0
59999;51900;2020;0;0;1;0;0;0;1;0;0;1;0;0;0;0;0;0
10000;89900;2023;0;0;1;0;0;0;1;0;0;1;0;0;0;0;0;0
44974;34500;2021;0;0;1;0;0;0;1;0;0;1;0;0;0;0;0;0
14000;52900;2024;0;0;1;0;0;0;1;0;0;1;0;0;0;0;0;0
47000;37990;2022;0;0;1;0;0;0;1;0;0;1;0;0;0;0;0;0
136000;21390;2019;0;0;1;0;0;0;1;0;0;1;0;0;0;0;0;0
38000;41900;2022;0;0;1;0;0;0;1;0;0;1;0;0;0;0;0;0
65500;30950;2022;0;0;1;0;0;0;1;0;0;1;0;0;0;0;0;0
140000;27500;2019;0;0;1;0;0;0;1;0;0;1;0;0;0;0;0;0
39494;35850;2021;1;0;0;0;0;0;0;0;0;1;0;0;1;0;0;0
37900;40900;2021;1;0;0;0;0;0;0;0;0;1;0;0;1;0;0;0
123000;29990;2019;1;0;0;0;0;0;0;0;1;1;0;0;0;0;0;0
61046;29900;2019;1;0;0;0;0;0;0;0;1;1;0;0;0;0;0;0
233000;21990;2014;1;0;0;0;0;0;0;0;1;1;0;0;0;0;0;0
57522;34400;2021;1;0;0;0;0;0;0;0;1;1;0;0;0;0;0;0
60000;29990;2020;1;0;0;0;0;0;0;0;1;1;0;0;0;0;0;0
93000;54900;2020;1;0;0;0;0;0;0;0;1;1;0;0;0;0;0;0
123000;29990;2019;1;0;0;0;0;0;0;0;1;1;0;0;0;0;0;0
45171;31990;2021;1;0;0;0;0;0;0;0;1;1;0;0;0;0;0;0
96000;33950;2021;1;0;0;0;0;0;0;0;1;1;0;0;0;0;0;0
74910;33990;2021;1;0;0;0;0;0;0;0;1;1;0;0;0;0;0;0
119990;59999;2017;1;0;0;0;0;0;0;0;1;1;0;0;0;0;0;0
87000;25490;2019;1;0;0;0;0;0;0;0;1;1;0;0;0;0;0;0
35;52900;2024;1;0;0;0;0;0;0;0;1;1;0;0;0;0;0;0
39398;32990;2022;1;0;0;0;0;0;0;0;1;1;0;0;0;0;0;0
35;49900;2024;1;0;0;0;0;0;0;0;1;1;0;0;0;0;0;0
110000;26850;2020;1;0;0;0;0;0;0;0;1;1;0;0;0;0;0;0
125000;27900;2019;1;0;0;0;0;0;0;0;1;1;0;0;0;0;0;0
110000;26850;2020;1;0;0;0;0;0;0;0;1;1;0;0;0;0;0;0
57;38800;2024;1;0;0;0;0;0;0;0;1;1;0;0;0;0;0;0
109000;49900;2018;1;0;0;0;0;0;0;0;1;1;0;0;0;0;0;0
320000;32990;2017;1;0;0;0;0;0;0;0;1;1;0;0;0;0;0;0
39000;38900;2019;1;0;0;0;0;0;0;0;1;1;0;0;0;0;0;0
63000;25990;2022;1;0;0;1;0;0;0;0;0;1;0;0;0;0;0;0
39000;33999;2023;1;0;0;1;0;0;0;0;0;1;0;0;0;0;0;0
49000;31500;2021;1;0;0;1;0;0;0;0;0;1;0;0;0;0;0;0
89831;38890;2019;1;0;0;1;0;0;0;0;0;1;0;0;0;0;0;0
39413;28990;2019;1;0;0;1;0;0;0;0;0;1;0;0;0;0;0;0
63000;35475;2021;1;0;0;1;0;0;0;0;0;1;0;0;0;0;0;0
25700;49995;2023;1;0;0;1;0;0;0;0;0;1;0;0;0;0;0;0
124839;26940;2019;1;0;0;1;0;0;0;0;0;1;0;0;0;0;0;0
24000;31990;2015;1;0;0;1;0;0;0;0;0;1;0;0;0;0;0;0
220000;35000;2014;1;0;0;1;0;0;0;0;0;1;0;0;0;0;0;0
109900;42900;2020;1;0;0;1;0;0;0;0;0;1;0;0;0;0;0;0
57000;27950;2022;1;0;0;1;0;0;0;0;0;1;0;0;0;0;0;0
93000;27450;2021;1;0;0;1;0;0;0;0;0;1;0;0;0;0;0;0
65000;27850;2022;1;0;0;1;0;0;0;0;0;1;0;0;0;0;0;0
93000;27450;2021;1;0;0;1;0;0;0;0;0;1;0;0;0;0;0;0
58000;54900;2020;1;0;0;1;0;0;0;0;0;1;0;0;0;0;0;0
137183;25000;2019;1;0;0;1;0;0;0;0;0;1;0;0;0;0;0;0
65000;27850;2022;1;0;0;1;0;0;0;0;0;1;0;0;0;0;0;0
57000;27950;2022;1;0;0;1;0;0;0;0;0;1;0;0;0;0;0;0
43000;37000;2021;1;0;0;1;0;0;0;0;0;1;0;0;0;0;0;0
63000;25990;2022;1;0;0;1;0;0;0;0;0;1;0;0;0;0;0;0
57000;28990;2021;1;0;0;0;1;0;0;0;0;1;0;0;0;0;0;0
71000;26999;2019;1;0;0;0;1;0;0;0;0;1;0;0;0;0;0;0
53000;27990;2019;1;0;0;0;1;0;0;0;0;1;0;0;0;0;0;0
52000;47900;2017;1;0;0;0;1;0;0;0;0;1;0;0;0;0;0;0
169800;28990;2019;1;0;0;0;1;0;0;0;0;1;0;0;0;0;0;0
77000;28850;2020;1;0;0;0;1;0;0;0;0;1;0;0;0;0;0;0
69000;33975;2021;1;0;0;0;1;0;0;0;0;1;0;0;0;0;0;0
46686;39900;2023;1;0;0;0;1;0;0;0;0;1;0;0;0;0;0;0
39900;37500;2021;1;0;0;0;1;0;0;0;0;1;0;0;0;0;0;0
77000;28850;2020;1;0;0;0;1;0;0;0;0;1;0;0;0;0;0;0
98226;31890;2021;1;0;0;0;1;0;0;0;0;1;0;0;0;0;0;0
33900;39990;2023;1;0;0;0;1;0;0;0;0;1;0;0;0;0;0;0
113000;26850;2020;1;0;0;0;1;0;0;0;0;1;0;0;0;0;0;0
55000;35900;2021;1;0;0;0;1;0;0;0;0;1;0;0;0;0;0;0
70000;26999;2019;1;0;0;0;1;0;0;0;0;1;0;0;0;0;0;0
58000;35900;2022;1;0;0;0;1;0;0;0;0;1;0;0;0;0;0;0
37418;37600;2022;1;0;0;0;1;0;0;0;0;1;0;0;0;0;0;0
26000;31850;2020;1;0;0;0;1;0;0;0;0;1;0;0;0;0;0;0
113000;26850;2020;1;0;0;0;1;0;0;0;0;1;0;0;0;0;0;0
26000;31850;2020;1;0;0;0;1;0;0;0;0;1;0;0;0;0;0;0
57000;28990;2021;1;0;0;0;1;0;0;0;0;1;0;0;0;0;0;0
88000;29995;2018;0;1;0;0;0;0;0;0;0;1;1;0;0;0;0;0
114114;39890;2019;0;1;0;0;0;1;0;0;0;1;0;0;0;0;0;0
58431;37490;2021;0;1;0;0;0;1;0;0;0;1;0;0;0;0;0;0
51426;55900;2019;0;1;0;0;0;1;0;0;0;1;0;0;0;0;0;0
113154;22450;2019;0;1;0;0;0;1;0;0;0;1;0;0;0;0;0;0
68000;58498;2019;0;1;0;0;0;1;0;0;0;1;0;0;0;0;0;0
37500;46500;2019;0;1;0;0;0;1;0;0;0;1;0;0;0;0;0;0
88000;25800;2019;0;1;0;0;0;1;0;0;0;1;0;0;0;0;0;0
59990;36900;2021;0;1;0;0;0;1;0;0;0;1;0;0;0;0;0;0
37500;46500;2019;0;1;0;0;0;1;0;0;0;1;0;0;0;0;0;0
49990;32300;2022;0;1;0;0;0;1;0;0;0;1;0;0;0;0;0;0
46500;36500;2021;0;1;0;0;0;1;0;0;0;1;0;0;0;0;0;0
128000;25850;2020;0;1;0;0;0;1;0;0;0;1;0;0;0;0;0;0
175000;28000;2015;0;1;0;0;0;1;0;0;0;1;0;0;0;0;0;0
128000;25850;2020;0;1;0;0;0;1;0;0;0;1;0;0;0;0;0;0
98000;25990;2015;0;1;0;0;0;0;0;0;0;1;0;1;0;0;0;0
98000;25990;2015;0;1;0;0;0;0;0;0;0;1;0;1;0;0;0;0
60000;26995;2016;0;1;0;0;0;0;0;0;0;1;0;1;0;0;0;0
32000;32000;2014;0;1;0;0;0;0;0;0;0;1;0;1;0;0;0;0
143350;38990;2018;0;1;0;0;0;0;1;0;0;1;0;0;0;0;0;0
143350;38990;2018;0;1;0;0;0;0;1;0;0;1;0;0;0;0;0;0
133500;49900;2016;0;1;0;0;0;0;1;0;0;1;0;0;0;0;0;0
10000;59900;2022;0;1;0;0;0;0;1;0;0;1;0;0;0;0;0;0
55000;36900;2021;0;1;0;0;0;0;1;0;0;1;0;0;0;0;0;0
129200;44900;2017;0;1;0;0;0;0;1;0;0;1;0;0;0;0;0;0
75000;23500;2019;0;1;0;0;0;0;1;0;0;1;0;0;0;0;0;0
109000;26975;2017;0;1;0;0;0;0;1;0;0;1;0;0;0;0;0;0
72000;29475;2021;0;1;0;0;0;0;1;0;0;1;0;0;0;0;0;0
150000;21995;2019;0;1;0;0;0;0;1;0;0;1;0;0;0;0;0;0
40000;33990;2021;0;1;0;0;0;0;1;0;0;1;0;0;0;0;0;0
54500;59900;2019;0;1;0;0;0;0;1;0;0;1;0;0;0;0;0;0
59999;51900;2020;0;1;0;0;0;0;1;0;0;1;0;0;0;0;0;0
47000;37990;2022;0;1;0;0;0;0;1;0;0;1;0;0;0;0;0;0
136000;21390;2019;0;1;0;0;0;0;1;0;0;1;0;0;0;0;0;0
65500;30950;2022;0;1;0;0;0;0;1;0;0;1;0;0;0;0;0;0
39494;35850;2021;1;0;0;0;0;0;0;0;0;1;0;0;1;0;0;0
37900;40900;2021;1;0;0;0;0;0;0;0;0;1;0;0;1;0;0;0
123000;29990;2019;1;0;0;0;0;0;0;0;1;1;0;0;0;0;0;0
123000;29990;2019;1;0;0;0;0;0;0;0;1;1;0;0;0;0;0;0
74910;33990;2021;1;0;0;0;0;0;0;0;1;1;0;0;0;0;0;0
110000;26850;2020;1;0;0;0;0;0;0;0;1;1;0;0;0;0;0;0
125000;27900;2019;1;0;0;0;0;0;0;0;1;1;0;0;0;0;0;0
110000;26850;2020;1;0;0;0;0;0;0;0;1;1;0;0;0;0;0;0
39315;35100;2023;1;0;0;0;1;0;0;0;0;1;0;0;0;0;0;0
0;36470;2025;1;0;0;0;1;0;0;0;0;1;0;0;0;0;0;0
1817;36700;2024;1;0;0;0;1;0;0;0;0;1;0;0;0;0;0;0
21;37000;2024;1;0;0;0;1;0;0;0;0;1;0;0;0;0;0;0
676;37300;2024;1;0;0;0;1;0;0;0;0;1;0;0;0;0;0;0
692;37300;2024;1;0;0;0;1;0;0;0;0;1;0;0;0;0;0;0
14;37500;2024;1;0;0;0;1;0;0;0;0;1;0;0;0;0;0;0
0;37520;2025;1;0;0;0;1;0;0;0;0;1;0;0;0;0;0;0
0;37520;2024;1;0;0;0;1;0;0;0;0;1;0;0;0;0;0;0
0;38070;2025;1;0;0;0;1;0;0;0;0;1;0;0;0;0;0;0
12;38070;2024;1;0;0;0;1;0;0;0;0;1;0;0;0;0;0;0
0;38870;2025;1;0;0;0;1;0;0;0;0;1;0;0;0;0;0;0
0;39120;2024;1;0;0;0;1;0;0;0;0;1;0;0;0;0;0;0
12;39420;2025;1;0;0;0;1;0;0;0;0;1;0;0;0;0;0;0
0;39420;2024;1;0;0;0;1;0;0;0;0;1;0;0;0;0;0;0
0;41470;2025;1;0;0;0;1;0;0;0;0;1;0;0;0;0;0;0
0;44260;2025;0;0;1;0;1;0;0;0;0;1;0;0;0;0;0;0
6282;44490;2024;0;0;1;0;1;0;0;0;0;1;0;0;0;0;0;0
7986;45560;2024;0;0;1;0;1;0;0;0;0;1;0;0;0;0;0;0
7996;45560;2024;0;0;1;0;1;0;0;0;0;1;0;0;0;0;0;0
1317;45750;2024;0;0;1;0;1;0;0;0;0;1;0;0;0;0;0;0
2204;45980;2024;1;0;0;0;1;0;0;0;0;1;0;0;0;0;0;0
1991;46930;2024;0;0;1;0;1;0;0;0;0;1;0;0;0;0;0;0
4790;46940;2024;1;0;0;0;1;0;0;0;0;1;0;0;0;0;0;0
4462;47580;2024;0;0;1;0;1;0;0;0;0;1;0;0;0;0;0;0
29444;47700;2023;1;0;0;0;1;0;0;0;0;1;0;0;0;0;0;0
7085;48110;2023;0;0;1;0;1;0;0;0;0;1;0;0;0;0;0;0
2376;48210;2024;0;0;1;0;1;0;0;0;0;1;0;0;0;0;0;0
223;48340;2024;1;0;0;0;1;0;0;0;0;1;0;0;0;0;0;0
0;48760;2025;1;0;0;0;1;0;0;0;0;1;0;0;0;0;0;0
2036;49040;2023;0;0;1;0;1;0;0;0;0;1;0;0;0;0;0;0
2;49160;2025;0;0;1;0;1;0;0;0;0;1;0;0;0;0;0;0
211;49790;2024;0;0;1;0;1;0;0;0;0;1;0;0;0;0;0;0
0;49810;2025;1;0;0;0;1;0;0;0;0;1;0;0;0;0;0;0
26;49830;2024;0;0;1;0;1;0;0;0;0;1;0;0;0;0;0;0
400;49840;2024;0;0;1;0;1;0;0;0;0;1;0;0;0;0;0;0
440;49930;2024;1;0;0;0;1;0;0;0;0;1;0;0;0;0;0;0
0;50110;2024;1;0;0;0;1;0;0;0;0;1;0;0;0;0;0;0
3179;50560;2024;0;0;1;0;1;0;0;0;0;1;0;0;0;0;0;0
0;51160;2025;1;0;0;0;1;0;0;0;0;1;0;0;0;0;0;0
0;51410;2025;1;0;0;0;1;0;0;0;0;1;0;0;0;0;0;0
0;51710;2024;1;0;0;0;1;0;0;0;0;1;0;0;0;0;0;0
0;51760;2025;0;0;1;0;1;0;0;0;0;1;0;0;0;0;0;0
0;51760;2024;0;0;1;0;1;0;0;0;0;1;0;0;0;0;0;0
0;51760;2023;0;0;1;0;1;0;0;0;0;1;0;0;0;0;0;0
3543;52300;2024;1;0;0;0;1;0;0;0;0;1;0;0;0;0;0;0
20;52460;2024;1;0;0;0;1;0;0;0;0;1;0;0;0;0;0;0
0;52810;2025;0;0;1;0;1;0;0;0;0;1;0;0;0;0;0;0
26;53050;2024;0;0;1;0;1;0;0;0;0;1;0;0;0;0;0;0
565;54910;2024;0;0;1;0;1;0;0;0;0;1;0;0;0;0;0;0
7;55070;2025;0;0;1;0;1;0;0;0;0;1;0;0;0;0;0;0
10;55070;2024;0;0;1;0;1;0;0;0;0;1;0;0;0;0;0;0
28;55070;2023;0;0;1;0;1;0;0;0;0;1;0;0;0;0;0;0
2276;55220;2024;0;0;1;0;1;0;0;0;0;1;0;0;0;0;0;0
9;55460;2024;0;0;1;0;1;0;0;0;0;1;0;0;0;0;0;0
0;55710;2024;0;0;1;0;1;0;0;0;0;1;0;0;0;0;0;0
0;56420;2025;0;0;1;0;1;0;0;0;0;1;0;0;0;0;0;0
0;58470;2024;1;0;0;0;1;0;0;0;0;1;0;0;0;0;0;0
7;58500;2024;0;0;1;0;1;0;0;0;0;1;0;0;0;0;0;0
0;58970;2025;0;0;1;0;1;0;0;0;0;1;0;0;0;0;0;0
13178;79500;2023;0;1;0;0;1;0;0;0;0;1;0;0;0;0;0;0
36085;81700;2023;0;1;0;0;1;0;0;0;0;1;0;0;0;0;0;0
2497;82010;2023;0;1;0;0;1;0;0;0;0;1;0;0;0;0;0;0
15035;83500;2023;0;0;0;0;1;0;0;0;0;1;0;0;0;1;0;0
6300;84400;2023;0;1;0;0;1;0;0;0;0;1;0;0;0;0;0;0
15040;87400;2023;0;1;0;0;1;0;0;0;0;1;0;0;0;0;0;0
20073;87600;2023;0;0;0;0;1;0;0;0;0;1;0;0;0;1;0;0
3632;96120;2024;0;0;0;0;1;0;0;0;0;1;0;0;0;1;0;0
503;99600;2023;0;1;0;0;1;0;0;0;0;1;0;0;0;0;0;0
5519;100580;2024;0;0;0;0;1;0;0;0;0;1;0;0;0;1;0;0
953;101230;2024;0;0;0;0;1;0;0;0;0;1;0;0;0;1;0;0
0;102270;2023;0;1;0;0;1;0;0;0;0;1;0;0;0;0;0;0
98;102270;2023;0;1;0;0;1;0;0;0;0;1;0;0;0;0;0;0
1405;102840;2023;0;0;0;0;1;0;0;0;0;1;0;0;0;1;0;0
31;104370;2023;0;0;0;0;1;0;0;0;0;1;0;0;0;1;0;0
33;106270;2024;0;0;0;0;1;0;0;0;0;1;0;0;0;1;0;0
3253;107210;2023;0;0;0;0;1;0;0;0;0;1;0;0;0;1;0;0
0;110270;2023;0;0;0;0;1;0;0;0;0;1;0;0;0;1;0;0
59;111670;2024;0;0;0;0;1;0;0;0;0;1;0;0;0;1;0;0
0;113570;2024;0;0;0;0;1;0;0;0;0;1;0;0;0;1;0;0
0;114670;2024;0;0;0;0;1;0;0;0;0;1;0;0;0;1;0;0
0;115670;2023;0;0;0;0;1;0;0;0;0;1;0;0;0;1;0;0
0;118070;2023;0;0;0;0;1;0;0;0;0;1;0;0;0;1;0;0
92;118070;2023;0;0;0;0;1;0;0;0;0;1;0;0;0;1;0;0
0;121870;2024;0;0;0;0;1;0;0;0;0;1;0;0;0;1;0;0
6562;36270;2024;1;0;0;1;0;0;0;0;0;1;0;0;0;0;0;0
5580;36470;2024;1;0;0;1;0;0;0;0;0;1;0;0;0;0;0;0
0;37770;2025;1;0;0;1;0;0;0;0;0;1;0;0;0;0;0;0
20049;37900;2022;1;0;0;1;0;0;0;0;0;1;0;0;0;0;0;0
0;39120;2024;1;0;0;1;0;0;0;0;0;1;0;0;0;0;0;0
12;39370;2024;1;0;0;1;0;0;0;0;0;1;0;0;0;0;0;0
6998;44590;2024;0;0;1;1;0;0;0;0;0;1;0;0;0;0;0;0
0;45560;2025;0;0;1;1;0;0;0;0;0;1;0;0;0;0;0;0
5128;45990;2024;0;0;1;1;0;0;0;0;0;1;0;0;0;0;0;0
4;47660;2025;0;0;1;1;0;0;0;0;0;1;0;0;0;0;0;0
25;49060;2024;1;0;0;1;0;0;0;0;0;1;0;0;0;0;0;0
0;49410;2025;0;0;1;1;0;0;0;0;0;1;0;0;0;0;0;0
3362;49990;2024;1;0;0;1;0;0;0;0;0;1;0;0;0;0;0;0
0;50060;2025;1;0;0;1;0;0;0;0;0;1;0;0;0;0;0;0
0;50060;2024;1;0;0;1;0;0;0;0;0;1;0;0;0;0;0;0
2501;51020;2024;0;0;1;1;0;0;0;0;0;1;0;0;0;0;0;0
0;51110;2025;1;0;0;1;0;0;0;0;0;1;0;0;0;0;0;0
15;51110;2024;1;0;0;1;0;0;0;0;0;1;0;0;0;0;0;0
0;51410;2025;1;0;0;1;0;0;0;0;0;1;0;0;0;0;0;0
0;51410;2024;1;0;0;1;0;0;0;0;0;1;0;0;0;0;0;0
2857;51420;2024;0;0;1;1;0;0;0;0;0;1;0;0;0;0;0;0
0;51660;2024;1;0;0;1;0;0;0;0;0;1;0;0;0;0;0;0
108044;52000;2018;0;0;0;1;0;0;0;0;0;1;0;0;0;1;0;0
612;56810;2024;0;0;1;1;0;0;0;0;0;1;0;0;0;0;0;0
9;58970;2024;0;0;1;1;0;0;0;0;0;1;0;0;0;0;0;0
0;59770;2025;1;0;0;1;0;0;0;0;0;1;0;0;0;0;0;0
6196;88990;2023;0;1;0;1;0;0;0;0;0;1;0;0;0;0;0;0
792;90610;2024;0;1;0;1;0;0;0;0;0;1;0;0;0;0;0;0
1703;91210;2023;0;0;0;1;0;0;0;0;0;1;0;0;0;1;0;0
20;112770;2024;0;0;0;1;0;0;0;0;0;1;0;0;0;1;0;0
21;115680;2024;0;1;0;1;0;0;0;0;0;1;0;0;0;0;0;0
60048;31400;2019;1;0;0;0;0;0;1;0;0;1;0;0;0;0;0;0
15290;31600;2022;1;0;0;0;0;0;1;0;0;1;0;0;0;0;0;0
70614;33500;2018;0;1;0;0;0;0;1;0;0;1;0;0;0;0;0;0
68302;34200;2018;0;1;0;0;0;0;1;0;0;1;0;0;0;0;0;0
76956;34900;2021;1;0;0;0;0;0;1;0;0;1;0;0;0;0;0;0
42189;36300;2021;1;0;0;0;0;0;1;0;0;1;0;0;0;0;0;0
5656;37310;2024;1;0;0;0;0;0;1;0;0;1;0;0;0;0;0;0
40205;39600;2020;1;0;0;0;0;0;1;0;0;1;0;0;0;0;0;0
5950;42750;2024;0;0;1;0;0;0;1;0;0;1;0;0;0;0;0;0
0;42770;2025;1;0;0;0;0;0;1;0;0;1;0;0;0;0;0;0
2798;43440;2024;0;0;1;0;0;0;1;0;0;1;0;0;0;0;0;0
0;43820;2025;1;0;0;0;0;0;1;0;0;1;0;0;0;0;0;0
9;44370;2025;1;0;0;0;0;0;1;0;0;1;0;0;0;0;0;0
5091;44970;2024;0;0;1;0;0;0;1;0;0;1;0;0;0;0;0;0
0;45560;2024;0;0;1;0;0;0;1;0;0;1;0;0;0;0;0;0
48582;46800;2023;0;0;1;0;0;0;1;0;0;1;0;0;0;0;0;0
13;48360;2024;1;0;0;0;0;0;1;0;0;1;0;0;0;0;0;0
223;48570;2024;1;0;0;0;0;0;1;0;0;1;0;0;0;0;0;0
0;50060;2025;1;0;0;0;0;0;1;0;0;1;0;0;0;0;0;0
0;50060;2024;1;0;0;0;0;0;1;0;0;1;0;0;0;0;0;0
9;50160;2024;0;0;1;0;0;0;1;0;0;1;0;0;0;0;0;0
0;51110;2024;1;0;0;0;0;0;1;0;0;1;0;0;0;0;0;0
0;51410;2025;1;0;0;0;0;0;1;0;0;1;0;0;0;0;0;0
0;51660;2025;1;0;0;0;0;0;1;0;0;1;0;0;0;0;0;0
1520;52550;2024;0;0;1;0;0;0;1;0;0;1;0;0;0;0;0;0
0;53060;2025;0;0;1;0;0;0;1;0;0;1;0;0;0;0;0;0
12;53060;2024;0;0;1;0;0;0;1;0;0;1;0;0;0;0;0;0
10;53090;2024;0;0;1;0;0;0;1;0;0;1;0;0;0;0;0;0
3853;54660;2024;1;0;0;0;0;0;1;0;0;1;0;0;0;0;0;0
1726;55390;2024;1;0;0;0;0;0;1;0;0;1;0;0;0;0;0;0
10;57700;2024;0;0;1;0;0;0;1;0;0;1;0;0;0;0;0;0
0;59770;2024;1;0;0;0;0;0;1;0;0;1;0;0;0;0;0;0
0;60820;2024;1;0;0;0;0;0;1;0;0;1;0;0;0;0;0;0
395;61500;2024;0;0;1;0;0;0;1;0;0;1;0;0;0;0;0;0
6;61620;2024;0;0;1;0;0;0;1;0;0;1;0;0;0;0;0;0
12410;80600;2023;0;1;0;0;0;0;1;0;0;1;0;0;0;0;0;0
8276;83500;2023;0;1;0;0;0;0;1;0;0;1;0;0;0;0;0;0
20759;84000;2023;0;0;0;0;0;0;1;0;0;1;0;0;0;1;0;0
11765;84500;2023;0;0;0;0;0;0;1;0;0;1;0;0;0;1;0;0
16910;84500;2023;0;0;0;0;0;0;1;0;0;1;0;0;0;1;0;0
551;90770;2024;0;1;0;0;0;0;1;0;0;1;0;0;0;0;0;0
3945;100860;2024;0;0;0;0;0;0;1;0;0;1;0;0;0;1;0;0
3652;101480;2024;0;1;0;0;0;0;1;0;0;1;0;0;0;0;0;0
1700;102540;2023;0;1;0;0;0;0;1;0;0;1;0;0;0;0;0;0
4378;102820;2024;0;0;0;0;0;0;1;0;0;1;0;0;0;1;0;0
3063;110100;2024;0;0;0;0;0;0;1;0;0;1;0;0;0;1;0;0
20;110370;2024;0;0;0;0;0;0;1;0;0;1;0;0;0;1;0;0
0;112770;2024;0;0;0;0;0;0;1;0;0;1;0;0;0;1;0;0
0;116170;2023;0;0;0;0;0;0;1;0;0;1;0;0;0;1;0;0
0;119670;2023;0;0;0;0;0;0;1;0;0;1;0;0;0;1;0;0
63769;35900;2021;1;0;0;0;0;0;0;0;0;1;0;0;1;0;0;0
21472;86500;2023;0;0;0;0;0;0;0;0;0;1;0;0;1;1;0;0
0;118070;2023;0;0;0;0;0;0;0;0;0;1;0;0;1;1;0;0
79681;33200;2021;1;0;0;0;0;0;0;0;1;1;0;0;0;0;0;0
57522;34100;2021;1;0;0;0;0;0;0;0;1;1;0;0;0;0;0;0
53081;35300;2021;1;0;0;0;0;0;0;0;1;1;0;0;0;0;0;0
26089;35900;2021;1;0;0;0;0;0;0;0;1;1;0;0;0;0;0;0
30168;37100;2022;1;0;0;0;0;0;0;0;1;1;0;0;0;0;0;0
18379;50100;2023;1;0;0;0;0;0;0;0;1;1;0;0;0;0;0;0
0;38470;2025;1;0;0;0;0;0;0;0;1;1;0;0;0;0;0;0
353;42500;2024;1;0;0;0;0;0;0;0;1;1;0;0;0;0;0;0
2051;47650;2024;1;0;0;0;0;0;0;0;1;1;0;0;0;0;0;0
0;50760;2024;1;0;0;0;0;0;0;0;1;1;0;0;0;0;0;0
12;52110;2025;1;0;0;0;0;0;0;0;1;1;0;0;0;0;0;0
0;52110;2024;1;0;0;0;0;0;0;0;1;1;0;0;0;0;0;0
0;52360;2025;1;0;0;0;0;0;0;0;1;1;0;0;0;0;0;0
10;52360;2024;1;0;0;0;0;0;0;0;1;1;0;0;0;0;0;0
3269;86500;2023;0;1;0;0;0;0;0;0;1;1;0;0;0;0;0;0
17;111370;2024;0;0;0;0;0;0;0;0;1;1;0;0;0;1;0;0
31;114770;2024;0;0;0;0;0;0;0;0;1;1;0;0;0;1;0;0
26;117270;2024;0;0;0;0;0;0;0;0;1;1;0;0;0;1;0;0
25;120270;2024;0;0;0;0;0;0;0;0;1;1;0;0;0;1;0;0
17;120670;2024;0;0;0;0;0;0;0;0;1;1;0;0;0;1;0;0
0;126870;2024;0;0;0;0;0;0;0;0;1;1;0;0;0;1;0;0
3351;38470;2024;1;0;0;0;0;1;0;0;0;1;0;0;0;0;0;0
15795;46500;2024;1;0;0;0;0;1;0;0;0;1;0;0;0;0;0;0
0;50060;2025;1;0;0;0;0;1;0;0;0;1;0;0;0;0;0;0
13;51410;2024;1;0;0;0;0;1;0;0;0;1;0;0;0;0;0;0
0;51660;2025;1;0;0;0;0;1;0;0;0;1;0;0;0;0;0;0
3325;54930;2024;1;0;0;0;0;1;0;0;0;1;0;0;0;0;0;0
13;56020;2024;1;0;0;0;0;1;0;0;0;1;0;0;0;0;0;0
0;60820;2024;1;0;0;0;0;1;0;0;0;1;0;0;0;0;0;0
879;91500;2024;0;1;0;0;0;1;0;0;0;1;0;0;0;0;0;0
28;92030;2024;0;1;0;0;0;1;0;0;0;1;0;0;0;0;0;0
0;102580;2024;0;1;0;0;0;1;0;0;0;1;0;0;0;0;0;0
194;105010;2024;0;0;0;0;0;1;0;0;0;1;0;0;0;1;0;0
28;113770;2024;0;0;0;0;0;1;0;0;0;1;0;0;0;1;0;0
32;114050;2024;0;0;0;0;0;1;0;0;0;1;0;0;0;1;0;0
20;117100;2024;0;1;0;0;0;1;0;0;0;1;0;0;0;0;0;0
0;41475;2025;0;0;1;0;1;0;0;0;0;0;0;0;0;0;0;1
4;41475;2024;0;0;1;0;1;0;0;0;0;0;0;0;0;0;0;1
5432;42025;2024;0;0;1;0;1;0;0;0;0;0;0;0;0;0;0;1
10;42175;2025;1;0;0;0;1;0;0;0;0;0;0;0;0;0;0;1
0;42175;2024;1;0;0;0;1;0;0;0;0;0;0;0;0;0;0;1
0;42555;2025;0;0;1;0;1;0;0;0;0;0;0;0;0;0;0;1
3749;42605;2024;0;0;1;0;1;0;0;0;0;0;0;0;0;0;0;1
0;42675;2025;1;0;0;0;1;0;0;0;0;0;0;0;0;0;0;1
0;42675;2024;1;0;0;0;1;0;0;0;0;0;0;0;0;0;0;1
0;43525;2025;1;0;0;0;1;0;0;0;0;0;0;0;0;0;0;1
0;43875;2025;1;0;0;0;1;0;0;0;0;0;0;0;0;0;0;1
0;43875;2024;1;0;0;0;1;0;0;0;0;0;0;0;0;0;0;1
35338;43900;2022;0;0;1;0;1;0;0;0;0;0;0;0;0;0;0;1
54383;44000;2022;0;0;1;0;1;0;0;0;0;0;0;0;0;0;0;1
9;44025;2024;1;0;0;0;1;0;0;0;0;0;0;0;0;0;0;1
0;45975;2025;1;0;0;0;1;0;0;0;0;0;0;0;0;0;0;1
4;46495;2025;0;0;1;0;1;0;0;0;0;0;0;0;0;0;0;1
31967;46500;2022;0;0;1;0;1;0;0;0;0;0;0;0;0;0;0;1
32157;46500;2022;0;0;1;0;1;0;0;0;0;0;0;0;0;0;0;1
28496;47000;2022;0;0;1;0;1;0;0;0;0;0;0;0;0;0;0;1
28755;47000;2022;0;0;1;0;1;0;0;0;0;0;0;0;0;0;0;1
87;48335;2025;1;0;0;0;1;0;0;0;0;0;0;0;0;0;0;1
5218;48895;2023;0;0;1;0;1;0;0;0;0;0;0;0;0;0;0;1
0;49975;2025;1;0;0;0;1;0;0;0;0;0;0;0;0;0;0;1
4;49975;2025;0;0;1;0;1;0;0;0;0;0;0;0;0;0;0;1
0;49975;2024;1;0;0;0;1;0;0;0;0;0;0;0;0;0;0;1
0;50375;2025;0;0;1;0;1;0;0;0;0;0;0;0;0;0;0;1
6214;50875;2024;0;0;1;0;1;0;0;0;0;0;0;0;0;0;0;1
9;50975;2025;1;0;0;0;1;0;0;0;0;0;0;0;0;0;0;1
0;51175;2025;1;0;0;0;1;0;0;0;0;0;0;0;0;0;0;1
0;51325;2025;1;0;0;0;1;0;0;0;0;0;0;0;0;0;0;1
0;51325;2024;1;0;0;0;1;0;0;0;0;0;0;0;0;0;0;1
0;51515;2025;0;0;1;0;1;0;0;0;0;0;0;0;0;0;0;1
4;51655;2025;0;0;1;0;1;0;0;0;0;0;0;0;0;0;0;1
0;51655;2024;0;0;1;0;1;0;0;0;0;0;0;0;0;0;0;1
12;51655;2024;0;0;1;0;1;0;0;0;0;0;0;0;0;0;0;1
0;51675;2025;1;0;0;0;1;0;0;0;0;0;0;0;0;0;0;1
13;51675;2024;1;0;0;0;1;0;0;0;0;0;0;0;0;0;0;1
10;52525;2025;1;0;0;0;1;0;0;0;0;0;0;0;0;0;0;1
0;52525;2024;1;0;0;0;1;0;0;0;0;0;0;0;0;0;0;1
13;52875;2024;1;0;0;0;1;0;0;0;0;0;0;0;0;0;0;1
0;53025;2025;1;0;0;0;1;0;0;0;0;0;0;0;0;0;0;1
0;53025;2024;1;0;0;0;1;0;0;0;0;0;0;0;0;0;0;1
4;55455;2025;0;0;1;0;1;0;0;0;0;0;0;0;0;0;0;1
10;58475;2025;1;0;0;0;1;0;0;0;0;0;0;0;0;0;0;1
13;58475;2024;1;0;0;0;1;0;0;0;0;0;0;0;0;0;0;1
0;58975;2025;0;0;1;0;1;0;0;0;0;0;0;0;0;0;0;1
0;59675;2025;1;0;0;0;1;0;0;0;0;0;0;0;0;0;0;1
11;59675;2024;1;0;0;0;1;0;0;0;0;0;0;0;0;0;0;1
12;62275;2024;1;0;0;0;1;0;0;0;0;0;0;0;0;0;0;1
12;65975;2024;1;0;0;0;1;0;0;0;0;0;0;0;0;0;0;1
6465;95225;2024;0;1;0;0;1;0;0;0;0;0;0;0;0;0;0;1
3525;97375;2023;0;0;0;0;1;0;0;0;0;0;0;0;0;1;0;1
776;99005;2023;0;1;0;0;1;0;0;0;0;0;0;0;0;0;0;1
0;115725;2024;0;0;0;0;1;0;0;0;0;0;0;0;0;1;0;1
17;115925;2024;0;1;0;0;1;0;0;0;0;0;0;0;0;0;0;1
0;116925;2024;0;0;0;0;1;0;0;0;0;0;0;0;0;1;0;1
0;123925;2024;0;0;0;0;1;0;0;0;0;0;0;0;0;1;0;1
0;38475;2025;1;0;0;1;0;0;0;0;0;0;0;0;0;0;0;1
10;39675;2025;1;0;0;1;0;0;0;0;0;0;0;0;0;0;0;1
0;39675;2024;1;0;0;1;0;0;0;0;0;0;0;0;0;0;0;1
0;39825;2025;1;0;0;1;0;0;0;0;0;0;0;0;0;0;0;1
0;39825;2024;1;0;0;1;0;0;0;0;0;0;0;0;0;0;0;1
0;40175;2025;1;0;0;1;0;0;0;0;0;0;0;0;0;0;0;1
0;42645;2025;0;0;1;1;0;0;0;0;0;0;0;0;0;0;0;1
9;42645;2024;0;0;1;1;0;0;0;0;0;0;0;0;0;0;0;1
0;44715;2024;0;0;1;1;0;0;0;0;0;0;0;0;0;0;0;1
0;45795;2024;0;0;1;1;0;0;0;0;0;0;0;0;0;0;0;1
16;45795;2024;0;0;1;1;0;0;0;0;0;0;0;0;0;0;0;1
10;47015;2025;1;0;0;1;0;0;0;0;0;0;0;0;0;0;0;1
7172;49385;2024;1;0;0;1;0;0;0;0;0;0;0;0;0;0;0;1
5887;49995;2023;0;0;1;1;0;0;0;0;0;0;0;0;0;0;0;1
0;51275;2025;1;0;0;1;0;0;0;0;0;0;0;0;0;0;0;1
0;52625;2025;0;0;1;1;0;0;0;0;0;0;0;0;0;0;0;1
0;52625;2025;1;0;0;1;0;0;0;0;0;0;0;0;0;0;0;1
0;52625;2024;1;0;0;1;0;0;0;0;0;0;0;0;0;0;0;1
3709;52635;2024;0;0;1;1;0;0;0;0;0;0;0;0;0;0;0;1
10;52975;2025;1;0;0;1;0;0;0;0;0;0;0;0;0;0;0;1
0;52975;2024;1;0;0;1;0;0;0;0;0;0;0;0;0;0;0;1
0;53795;2024;0;0;1;1;0;0;0;0;0;0;0;0;0;0;0;1
4;54035;2024;0;0;1;1;0;0;0;0;0;0;0;0;0;0;0;1
10;54325;2024;1;0;0;1;0;0;0;0;0;0;0;0;0;0;0;1
3976;55005;2024;0;0;1;1;0;0;0;0;0;0;0;0;0;0;0;1
0;56215;2024;0;0;1;1;0;0;0;0;0;0;0;0;0;0;0;1
0;59775;2025;1;0;0;1;0;0;0;0;0;0;0;0;0;0;0;1
0;59775;2024;1;0;0;1;0;0;0;0;0;0;0;0;0;0;0;1
10;60975;2025;1;0;0;1;0;0;0;0;0;0;0;0;0;0;0;1
0;60975;2024;1;0;0;1;0;0;0;0;0;0;0;0;0;0;0;1
7;61475;2024;0;0;1;1;0;0;0;0;0;0;0;0;0;0;0;1
9;62825;2024;0;0;1;1;0;0;0;0;0;0;0;0;0;0;0;1
13;64815;2024;0;0;1;1;0;0;0;0;0;0;0;0;0;0;0;1
31;106445;2024;0;0;0;1;0;0;0;0;0;0;0;0;0;1;0;1
14588;106905;2023;0;0;0;1;0;0;0;0;0;0;0;0;0;1;0;1
20;115075;2024;0;0;0;1;0;0;0;0;0;0;0;0;0;1;0;1
116;115825;2023;0;0;0;1;0;0;0;0;0;0;0;0;0;1;0;1
81783;32900;2020;1;0;0;0;0;0;1;0;0;0;0;0;0;0;0;1
5229;41995;2024;1;0;0;0;0;0;1;0;0;0;0;0;0;0;0;1
0;42645;2025;0;0;1;0;0;0;1;0;0;0;0;0;0;0;0;1
0;43475;2025;1;0;0;0;0;0;1;0;0;0;0;0;0;0;0;1
31021;41600;2022;0;0;1;0;0;0;1;0;0;0;0;0;0;0;0;1
0;43625;2025;1;0;0;0;0;0;1;0;0;0;0;0;0;0;0;1
5;43725;2025;0;0;1;0;0;0;1;0;0;0;0;0;0;0;0;1
0;43975;2025;1;0;0;0;0;0;1;0;0;0;0;0;0;0;0;1
0;43975;2024;1;0;0;0;0;0;1;0;0;0;0;0;0;0;0;1
0;44715;2024;0;0;1;0;0;0;1;0;0;0;0;0;0;0;0;1
7;45935;2024;0;0;1;0;0;0;1;0;0;0;0;0;0;0;0;1
0;47275;2025;1;0;0;0;0;0;1;0;0;0;0;0;0;0;0;1
0;48975;2025;1;0;0;0;0;0;1;0;0;0;0;0;0;0;0;1
9264;50235;2024;1;0;0;0;0;0;1;0;0;0;0;0;0;0;0;1
0;51275;2025;1;0;0;0;0;0;1;0;0;0;0;0;0;0;0;1
2545;51405;2024;0;0;1;0;0;0;1;0;0;0;0;0;0;0;0;1
2;51615;2025;0;0;1;0;0;0;1;0;0;0;0;0;0;0;0;1
10;52475;2025;1;0;0;0;0;0;1;0;0;0;0;0;0;0;0;1
0;52625;2025;1;0;0;0;0;0;1;0;0;0;0;0;0;0;0;1
0;52625;2024;1;0;0;0;0;0;1;0;0;0;0;0;0;0;0;1
0;52975;2024;1;0;0;0;0;0;1;0;0;0;0;0;0;0;0;1
5;53575;2024;0;0;1;0;0;0;1;0;0;0;0;0;0;0;0;1
4;58735;2025;0;0;1;0;0;0;1;0;0;0;0;0;0;0;0;1
0;59775;2024;1;0;0;0;0;0;1;0;0;0;0;0;0;0;0;1
5;60275;2025;0;0;1;0;0;0;1;0;0;0;0;0;0;0;0;1
0;60975;2025;1;0;0;0;0;0;1;0;0;0;0;0;0;0;0;1
13;60975;2024;1;0;0;0;0;0;1;0;0;0;0;0;0;0;0;1
4;61475;2025;0;0;1;0;0;0;1;0;0;0;0;0;0;0;0;1
4;67775;2025;0;0;1;0;0;0;1;0;0;0;0;0;0;0;0;1
0;103525;2023;0;1;0;0;0;0;1;0;0;0;0;0;0;0;0;1
34;108075;2023;0;0;0;0;0;0;1;0;0;0;0;0;0;1;0;1
20;112575;2024;0;0;0;0;0;0;1;0;0;0;0;0;0;1;0;1
0;115075;2024;0;0;0;0;0;0;1;0;0;0;0;0;0;1;0;1
25;122025;2023;0;0;0;0;0;0;1;0;0;0;0;0;0;1;0;1
14886;43900;2023;1;0;0;0;0;0;0;0;0;0;0;0;1;0;0;1
36306;45500;2022;0;0;1;0;0;0;0;0;0;0;0;0;1;0;0;1
19834;46600;2022;1;0;0;0;0;0;0;0;0;0;0;0;1;0;0;1
64984;58000;2019;0;0;0;0;0;0;0;0;0;0;0;0;1;1;0;1
26;120425;2023;0;0;0;0;0;0;0;0;0;0;0;0;1;1;0;1
0;42975;2025;1;0;0;0;0;0;0;0;1;0;0;0;0;0;0;1
0;42975;2024;1;0;0;0;0;0;0;0;1;0;0;0;0;0;0;1
0;44175;2025;1;0;0;0;0;0;0;0;1;0;0;0;0;0;0;1
9;44175;2024;1;0;0;0;0;0;0;0;1;0;0;0;0;0;0;1
0;44325;2025;1;0;0;0;0;0;0;0;1;0;0;0;0;0;0;1
10;44675;2025;1;0;0;0;0;0;0;0;1;0;0;0;0;0;0;1
12;44675;2024;1;0;0;0;0;0;0;0;1;0;0;0;0;0;0;1
9;50875;2025;1;0;0;0;0;0;0;0;1;0;0;0;0;0;0;1
0;51975;2024;1;0;0;0;0;0;0;0;1;0;0;0;0;0;0;1
0;53175;2024;1;0;0;0;0;0;0;0;1;0;0;0;0;0;0;1
0;53325;2025;1;0;0;0;0;0;0;0;1;0;0;0;0;0;0;1
0;53325;2024;1;0;0;0;0;0;0;0;1;0;0;0;0;0;0;1
0;53675;2025;1;0;0;0;0;0;0;0;1;0;0;0;0;0;0;1
0;53675;2024;1;0;0;0;0;0;0;0;1;0;0;0;0;0;0;1
12;55775;2024;1;0;0;0;0;0;0;0;1;0;0;0;0;0;0;1
0;60475;2024;1;0;0;0;0;0;0;0;1;0;0;0;0;0;0;1
0;61675;2024;1;0;0;0;0;0;0;0;1;0;0;0;0;0;0;1
22;96325;2024;0;1;0;0;0;0;0;0;1;0;0;0;0;0;0;1
17;113575;2024;0;0;0;0;0;0;0;0;1;0;0;0;0;1;0;1
3197;115835;2024;0;1;0;0;0;0;0;0;1;0;0;0;0;0;0;1
25;116665;2024;0;0;0;0;0;0;0;0;1;0;0;0;0;1;0;1
31;117075;2024;0;0;0;0;0;0;0;0;1;0;0;0;0;1;0;1
26;119525;2024;0;0;0;0;0;0;0;0;1;0;0;0;0;1;0;1
17;123025;2024;0;0;0;0;0;0;0;0;1;0;0;0;0;1;0;1
31;126525;2024;0;0;0;0;0;0;0;0;1;0;0;0;0;1;0;1
0;129025;2024;0;0;0;0;0;0;0;0;1;0;0;0;0;1;0;1
0;43475;2025;1;0;0;0;0;1;0;0;0;0;0;0;0;0;0;1
99;48475;2025;1;0;0;0;0;1;0;0;0;0;0;0;0;0;0;1
0;51275;2024;1;0;0;0;0;1;0;0;0;0;0;0;0;0;0;1
10;52625;2025;1;0;0;0;0;1;0;0;0;0;0;0;0;0;0;1
0;52625;2024;1;0;0;0;0;1;0;0;0;0;0;0;0;0;0;1
9;52975;2025;1;0;0;0;0;1;0;0;0;0;0;0;0;0;0;1
10;59775;2024;1;0;0;0;0;1;0;0;0;0;0;0;0;0;0;1
10;60975;2024;1;0;0;0;0;1;0;0;0;0;0;0;0;0;0;1
28;116075;2024;0;0;0;0;0;1;0;0;0;0;0;0;0;1;0;1
108471;26800;2019;1;0;0;0;1;0;0;0;0;0;0;0;0;0;1;0
145102;28400;2021;1;0;0;0;1;0;0;0;0;0;0;0;0;0;1;0
94337;28500;2020;1;0;0;0;1;0;0;0;0;0;0;0;0;0;1;0
68845;29700;2020;1;0;0;0;1;0;0;0;0;0;0;0;0;0;1;0
53808;30800;2020;1;0;0;0;1;0;0;0;0;0;0;0;0;0;1;0
52917;30800;2020;1;0;0;0;1;0;0;0;0;0;0;0;0;0;1;0
35858;31200;2019;1;0;0;0;1;0;0;0;0;0;0;0;0;0;1;0
49251;31300;2020;1;0;0;0;1;0;0;0;0;0;0;0;0;0;1;0
61733;31600;2020;1;0;0;0;1;0;0;0;0;0;0;0;0;0;1;0
79887;31500;2021;1;0;0;0;1;0;0;0;0;0;0;0;0;0;1;0
44365;32200;2020;1;0;0;0;1;0;0;0;0;0;0;0;0;0;1;0
55927;32200;2020;1;0;0;0;1;0;0;0;0;0;0;0;0;0;1;0
63570;32200;2019;1;0;0;0;1;0;0;0;0;0;0;0;0;0;1;0
65224;33300;2020;1;0;0;0;1;0;0;0;0;0;0;0;0;0;1;0
76126;33700;2021;1;0;0;0;1;0;0;0;0;0;0;0;0;0;1;0
40623;35500;2020;1;0;0;0;1;0;0;0;0;0;0;0;0;0;1;0
10;39990;2025;1;0;0;0;1;0;0;0;0;0;0;0;0;0;1;0
31909;40200;2021;1;0;0;0;1;0;0;0;0;0;0;0;0;0;1;0
0;41180;2025;1;0;0;0;1;0;0;0;0;0;0;0;0;0;1;0
0;41180;2025;1;0;0;0;1;0;0;0;0;0;0;0;0;0;1;0
0;41180;2024;1;0;0;0;1;0;0;0;0;0;0;0;0;0;1;0
0;41180;2024;1;0;0;0;1;0;0;0;0;0;0;0;0;0;1;0
0;41340;2025;1;0;0;0;1;0;0;0;0;0;0;0;0;0;1;0
0;42370;2025;1;0;0;0;1;0;0;0;0;0;0;0;0;0;1;0
0;42370;2024;1;0;0;0;1;0;0;0;0;0;0;0;0;0;1;0
0;42530;2025;1;0;0;0;1;0;0;0;0;0;0;0;0;0;1;0
0;42530;2024;1;0;0;0;1;0;0;0;0;0;0;0;0;0;1;0
4;43090;2025;0;0;1;0;1;0;0;0;0;0;0;0;0;0;1;0
96688;44000;2019;0;1;0;0;1;0;0;0;0;0;0;0;0;0;1;0
0;44280;2025;0;0;1;0;1;0;0;0;0;0;0;0;0;0;1;0
0;44280;2024;0;0;1;0;1;0;0;0;0;0;0;0;0;0;1;0
31004;44900;2023;1;0;0;0;1;0;0;0;0;0;0;0;0;0;1;0
13;45140;2025;1;0;0;0;1;0;0;0;0;0;0;0;0;0;1;0
3;45630;2024;0;0;1;0;1;0;0;0;0;0;0;0;0;0;1;0
24197;39000;2023;1;0;0;0;1;0;0;0;0;0;0;0;0;0;1;0
0;46990;2025;0;0;1;0;1;0;0;0;0;0;0;0;0;0;1;0
6399;47240;2024;1;0;0;0;1;0;0;0;0;0;0;0;0;0;1;0
5616;47510;2024;1;0;0;0;1;0;0;0;0;0;0;0;0;0;1;0
0;47990;2025;0;0;1;0;1;0;0;0;0;0;0;0;0;0;1;0
4;48180;2025;0;0;1;0;1;0;0;0;0;0;0;0;0;0;1;0
15;48640;2024;1;0;0;0;1;0;0;0;0;0;0;0;0;0;1;0
0;49180;2025;0;0;1;0;1;0;0;0;0;0;0;0;0;0;1;0
0;49180;2024;0;0;1;0;1;0;0;0;0;0;0;0;0;0;1;0
6;49180;2024;0;0;1;0;1;0;0;0;0;0;0;0;0;0;1;0
5;49230;2024;0;0;1;0;1;0;0;0;0;0;0;0;0;0;1;0
0;49340;2025;0;0;1;0;1;0;0;0;0;0;0;0;0;0;1;0
4;49340;2024;0;0;1;0;1;0;0;0;0;0;0;0;0;0;1;0
20423;49600;2022;0;0;1;0;1;0;0;0;0;0;0;0;0;0;1;0
0;49990;2025;1;0;0;0;1;0;0;0;0;0;0;0;0;0;1;0
0;49990;2024;1;0;0;0;1;0;0;0;0;0;0;0;0;0;1;0
0;50090;2025;0;0;1;0;1;0;0;0;0;0;0;0;0;0;1;0
0;50530;2025;0;0;1;0;1;0;0;0;0;0;0;0;0;0;1;0
4;50530;2024;0;0;1;0;1;0;0;0;0;0;0;0;0;0;1;0
0;51180;2025;1;0;0;0;1;0;0;0;0;0;0;0;0;0;1;0
0;51180;2025;1;0;0;0;1;0;0;0;0;0;0;0;0;0;1;0
0;51180;2024;1;0;0;0;1;0;0;0;0;0;0;0;0;0;1;0
0;51280;2025;0;0;1;0;1;0;0;0;0;0;0;0;0;0;1;0
0;51340;2025;1;0;0;0;1;0;0;0;0;0;0;0;0;0;1;0
0;51340;2024;1;0;0;0;1;0;0;0;0;0;0;0;0;0;1;0
0;51440;2025;0;0;1;0;1;0;0;0;0;0;0;0;0;0;1;0
13;52170;2024;1;0;0;0;1;0;0;0;0;0;0;0;0;0;1;0
0;52370;2024;1;0;0;0;1;0;0;0;0;0;0;0;0;0;1;0
0;52530;2025;1;0;0;0;1;0;0;0;0;0;0;0;0;0;1;0
0;52530;2025;1;0;0;0;1;0;0;0;0;0;0;0;0;0;1;0
0;52530;2024;1;0;0;0;1;0;0;0;0;0;0;0;0;0;1;0
0;52530;2024;1;0;0;0;1;0;0;0;0;0;0;0;0;0;1;0
7;52630;2024;0;0;1;0;1;0;0;0;0;0;0;0;0;0;1;0
0;53790;2024;1;0;0;0;1;0;0;0;0;0;0;0;0;0;1;0
0;53990;2025;0;0;1;0;1;0;0;0;0;0;0;0;0;0;1;0
53949;54000;2020;0;0;0;0;1;0;0;0;0;0;0;0;0;1;1;0
0;55180;2024;0;0;1;0;1;0;0;0;0;0;0;0;0;0;1;0
0;55340;2024;0;0;1;0;1;0;0;0;0;0;0;0;0;0;1;0
91785;55500;2020;0;0;0;0;1;0;0;0;0;0;0;0;0;1;1;0
12;56920;2024;1;0;0;0;1;0;0;0;0;0;0;0;0;0;1;0
0;57490;2025;1;0;0;0;1;0;0;0;0;0;0;0;0;0;1;0
0;57490;2024;1;0;0;0;1;0;0;0;0;0;0;0;0;0;1;0
0;58680;2024;1;0;0;0;1;0;0;0;0;0;0;0;0;0;1;0
4;61490;2025;0;0;1;0;1;0;0;0;0;0;0;0;0;0;1;0
3414;84070;2023;0;1;0;0;1;0;0;0;0;0;0;0;0;0;1;0
710;90450;2024;0;1;0;0;1;0;0;0;0;0;0;0;0;0;1;0
23;99990;2024;0;0;0;0;1;0;0;0;0;0;0;0;0;1;1;0
0;112490;2024;0;0;0;0;1;0;0;0;0;0;0;0;0;1;1;0
0;113690;2024;0;0;0;0;1;0;0;0;0;0;0;0;0;1;1;0
25;115290;2024;0;1;0;0;1;0;0;0;0;0;0;0;0;0;1;0
0;117090;2023;0;0;0;0;1;0;0;0;0;0;0;0;0;1;1;0
0;120890;2024;0;0;0;0;1;0;0;0;0;0;0;0;0;1;1;0
45691;26900;2020;1;0;0;1;0;0;0;0;0;0;0;0;0;0;1;0
56115;30200;2020;1;0;0;1;0;0;0;0;0;0;0;0;0;0;1;0
103272;31600;2021;1;0;0;1;0;0;0;0;0;0;0;0;0;0;1;0
90951;35800;2021;1;0;0;1;0;0;0;0;0;0;0;0;0;0;1;0
22191;37000;2020;1;0;0;1;0;0;0;0;0;0;0;0;0;0;1;0
43763;40000;2021;1;0;0;1;0;0;0;0;0;0;0;0;0;0;1;0
13;40080;2024;1;0;0;1;0;0;0;0;0;0;0;0;0;0;1;0
757;40700;2024;1;0;0;1;0;0;0;0;0;0;0;0;0;0;1;0
21;41170;2024;1;0;0;1;0;0;0;0;0;0;0;0;0;0;1;0
0;41290;2025;1;0;0;1;0;0;0;0;0;0;0;0;0;0;1;0
0;41290;2024;1;0;0;1;0;0;0;0;0;0;0;0;0;0;1;0
0;41290;2024;1;0;0;1;0;0;0;0;0;0;0;0;0;0;1;0
15;41460;2024;1;0;0;1;0;0;0;0;0;0;0;0;0;0;1;0
15;41460;2024;1;0;0;1;0;0;0;0;0;0;0;0;0;0;1;0
29;41460;2024;1;0;0;1;0;0;0;0;0;0;0;0;0;0;1;0
2629;41460;2024;1;0;0;1;0;0;0;0;0;0;0;0;0;0;1;0
12;42290;2024;0;0;1;1;0;0;0;0;0;0;0;0;0;0;1;0
0;42480;2025;1;0;0;1;0;0;0;0;0;0;0;0;0;0;1;0
0;42480;2025;1;0;0;1;0;0;0;0;0;0;0;0;0;0;1;0
0;42480;2024;1;0;0;1;0;0;0;0;0;0;0;0;0;0;1;0
0;42480;2024;1;0;0;1;0;0;0;0;0;0;0;0;0;0;1;0
0;42640;2025;1;0;0;1;0;0;0;0;0;0;0;0;0;0;1;0
0;42640;2024;1;0;0;1;0;0;0;0;0;0;0;0;0;0;1;0
71294;43100;2022;0;0;1;1;0;0;0;0;0;0;0;0;0;0;1;0
114328;44200;2019;0;0;0;1;0;0;0;0;0;0;0;0;0;1;1;0
13;47580;2024;1;0;0;1;0;0;0;0;0;0;0;0;0;0;1;0
0;49290;2025;0;0;1;1;0;0;0;0;0;0;0;0;0;0;1;0
10;49980;2024;1;0;0;1;0;0;0;0;0;0;0;0;0;0;1;0
1412;50190;2024;1;0;0;1;0;0;0;0;0;0;0;0;0;0;1;0
15;50600;2024;1;0;0;1;0;0;0;0;0;0;0;0;0;0;1;0
0;51290;2025;1;0;0;1;0;0;0;0;0;0;0;0;0;0;1;0
0;51290;2024;1;0;0;1;0;0;0;0;0;0;0;0;0;0;1;0
2;51390;2025;0;0;1;1;0;0;0;0;0;0;0;0;0;0;1;0
10;52480;2025;1;0;0;1;0;0;0;0;0;0;0;0;0;0;1;0
0;52480;2024;1;0;0;1;0;0;0;0;0;0;0;0;0;0;1;0
0;52480;2024;1;0;0;1;0;0;0;0;0;0;0;0;0;0;1;0
0;52640;2025;1;0;0;1;0;0;0;0;0;0;0;0;0;0;1;0
0;52640;2024;1;0;0;1;0;0;0;0;0;0;0;0;0;0;1;0
96181;53500;2020;0;1;0;1;0;0;0;0;0;0;0;0;0;0;1;0
0;53830;2024;1;0;0;1;0;0;0;0;0;0;0;0;0;0;1;0
4;55290;2025;0;0;1;1;0;0;0;0;0;0;0;0;0;0;1;0
58870;55550;2020;0;1;0;1;0;0;0;0;0;0;0;0;0;0;1;0
0;58790;2025;1;0;0;1;0;0;0;0;0;0;0;0;0;0;1;0
0;59980;2025;1;0;0;1;0;0;0;0;0;0;0;0;0;0;1;0
19;62590;2024;1;0;0;1;0;0;0;0;0;0;0;0;0;0;1;0
1063;89450;2024;0;1;0;1;0;0;0;0;0;0;0;0;0;0;1;0
20;111790;2024;0;0;0;1;0;0;0;0;0;0;0;0;0;1;1;0
401;113500;2024;0;0;0;1;0;0;0;0;0;0;0;0;0;1;1;0
60;118690;2023;0;0;0;1;0;0;0;0;0;0;0;0;0;1;1;0
31;124890;2023;0;0;0;1;0;0;0;0;0;0;0;0;0;1;1;0
141692;25200;2019;1;0;0;0;0;0;1;0;0;0;0;0;0;0;1;0
63684;33200;2020;1;0;0;0;0;0;1;0;0;0;0;0;0;0;1;0
51506;34870;2019;1;0;0;0;0;0;1;0;0;0;0;0;0;0;1;0
111567;36300;2020;1;0;0;0;0;0;1;0;0;0;0;0;0;0;1;0
28589;37700;2023;1;0;0;0;0;0;1;0;0;0;0;0;0;0;1;0
36843;38400;2023;1;0;0;0;0;0;1;0;0;0;0;0;0;0;1;0
15;41050;2024;1;0;0;0;0;0;1;0;0;0;0;0;0;0;1;0
10;41290;2025;1;0;0;0;0;0;1;0;0;0;0;0;0;0;1;0
14;41290;2024;1;0;0;0;0;0;1;0;0;0;0;0;0;0;1;0
84325;38500;2018;0;1;0;0;0;0;1;0;0;0;0;0;0;0;1;0
166;41760;2024;1;0;0;0;0;0;1;0;0;0;0;0;0;0;1;0
102621;42000;2019;0;1;0;0;0;0;1;0;0;0;0;0;0;0;1;0
12;42160;2024;1;0;0;0;0;0;1;0;0;0;0;0;0;0;1;0
0;42480;2025;1;0;0;0;0;0;1;0;0;0;0;0;0;0;1;0
0;42480;2024;1;0;0;0;0;0;1;0;0;0;0;0;0;0;1;0
0;42640;2025;1;0;0;0;0;0;1;0;0;0;0;0;0;0;1;0
0;42640;2024;1;0;0;0;0;0;1;0;0;0;0;0;0;0;1;0
10;42640;2024;1;0;0;0;0;0;1;0;0;0;0;0;0;0;1;0
0;43640;2024;0;0;1;0;0;0;1;0;0;0;0;0;0;0;1;0
99838;44500;2019;0;1;0;0;0;0;1;0;0;0;0;0;0;0;1;0
0;46290;2025;1;0;0;0;0;0;1;0;0;0;0;0;0;0;1;0
11;47430;2024;1;0;0;0;0;0;1;0;0;0;0;0;0;0;1;0
0;47850;2024;0;0;1;0;0;0;1;0;0;0;0;0;0;0;1;0
5;48290;2025;0;0;1;0;0;0;1;0;0;0;0;0;0;0;1;0
0;49290;2025;0;0;1;0;0;0;1;0;0;0;0;0;0;0;1;0
0;49290;2024;0;0;1;0;0;0;1;0;0;0;0;0;0;0;1;0
4;49290;2024;0;0;1;0;0;0;1;0;0;0;0;0;0;0;1;0
145;49290;2024;0;0;1;0;0;0;1;0;0;0;0;0;0;0;1;0
11184;49400;2023;0;0;1;0;0;0;1;0;0;0;0;0;0;0;1;0
7;49890;2024;0;0;1;0;0;0;1;0;0;0;0;0;0;0;1;0
10;50090;2025;1;0;0;0;0;0;1;0;0;0;0;0;0;0;1;0
0;50480;2025;0;0;1;0;0;0;1;0;0;0;0;0;0;0;1;0
0;50640;2025;0;0;1;0;0;0;1;0;0;0;0;0;0;0;1;0
0;51290;2025;1;0;0;0;0;0;1;0;0;0;0;0;0;0;1;0
0;51290;2024;1;0;0;0;0;0;1;0;0;0;0;0;0;0;1;0
0;51390;2025;0;0;1;0;0;0;1;0;0;0;0;0;0;0;1;0
4;51740;2025;0;0;1;0;0;0;1;0;0;0;0;0;0;0;1;0
95034;51800;2019;0;0;0;0;0;0;1;0;0;0;0;0;0;1;1;0
2;51830;2025;0;0;1;0;0;0;1;0;0;0;0;0;0;0;1;0
14953;52100;2022;0;0;1;0;0;0;1;0;0;0;0;0;0;0;1;0
0;52480;2025;1;0;0;0;0;0;1;0;0;0;0;0;0;0;1;0
0;52480;2025;1;0;0;0;0;0;1;0;0;0;0;0;0;0;1;0
0;52480;2024;1;0;0;0;0;0;1;0;0;0;0;0;0;0;1;0
0;52580;2025;0;0;1;0;0;0;1;0;0;0;0;0;0;0;1;0
7;52580;2024;0;0;1;0;0;0;1;0;0;0;0;0;0;0;1;0
0;52640;2025;1;0;0;0;0;0;1;0;0;0;0;0;0;0;1;0
0;52640;2024;1;0;0;0;0;0;1;0;0;0;0;0;0;0;1;0
0;52980;2025;0;0;1;0;0;0;1;0;0;0;0;0;0;0;1;0
4;53090;2025;0;0;1;0;0;0;1;0;0;0;0;0;0;0;1;0
5;54280;2025;0;0;1;0;0;0;1;0;0;0;0;0;0;0;1;0
59026;55000;2019;0;0;0;0;0;0;1;0;0;0;0;0;0;1;1;0
0;55290;2025;0;0;1;0;0;0;1;0;0;0;0;0;0;0;1;0
4;55290;2024;0;0;1;0;0;0;1;0;0;0;0;0;0;0;1;0
0;56640;2025;0;0;1;0;0;0;1;0;0;0;0;0;0;0;1;0
0;56640;2024;0;0;1;0;0;0;1;0;0;0;0;0;0;0;1;0
9;58790;2025;1;0;0;0;0;0;1;0;0;0;0;0;0;0;1;0
10;58790;2025;1;0;0;0;0;0;1;0;0;0;0;0;0;0;1;0
0;58790;2024;1;0;0;0;0;0;1;0;0;0;0;0;0;0;1;0
0;59980;2025;1;0;0;0;0;0;1;0;0;0;0;0;0;0;1;0
0;59980;2024;1;0;0;0;0;0;1;0;0;0;0;0;0;0;1;0
10;62590;2024;1;0;0;0;0;0;1;0;0;0;0;0;0;0;1;0
5165;87410;2024;0;1;0;0;0;0;1;0;0;0;0;0;0;0;1;0
27477;89900;2023;0;1;0;0;0;0;1;0;0;0;0;0;0;0;1;0
31;92380;2024;0;1;0;0;0;0;1;0;0;0;0;0;0;0;1;0
797;94300;2024;0;1;0;0;0;0;1;0;0;0;0;0;0;0;1;0
1011;102280;2023;0;1;0;0;0;0;1;0;0;0;0;0;0;0;1;0
18;103050;2024;0;0;0;0;0;0;1;0;0;0;0;0;0;1;1;0
49;108190;2024;0;0;0;0;0;0;1;0;0;0;0;0;0;1;1;0
20;109390;2024;0;0;0;0;0;0;1;0;0;0;0;0;0;1;1;0
541;110380;2024;0;1;0;0;0;0;1;0;0;0;0;0;0;0;1;0
0;111790;2024;0;0;0;0;0;0;1;0;0;0;0;0;0;1;1;0
20;115290;2024;0;0;0;0;0;0;1;0;0;0;0;0;0;1;1;0
23;118690;2023;0;0;0;0;0;0;1;0;0;0;0;0;0;1;1;0
54847;29000;2020;1;0;0;0;0;0;0;0;0;0;0;0;1;0;1;0
127132;28600;2018;0;1;0;0;0;0;0;0;0;0;0;0;1;0;1;0
65352;29900;2019;1;0;0;0;0;0;0;0;0;0;0;0;1;0;1;0
40244;30100;2021;1;0;0;0;0;0;0;0;0;0;0;0;1;0;1;0
45587;31000;2019;1;0;0;0;0;0;0;0;0;0;0;0;1;0;1;0
46586;31700;2020;1;0;0;0;0;0;0;0;0;0;0;0;1;0;1;0
106571;31800;2021;1;0;0;0;0;0;0;0;0;0;0;0;1;0;1;0
88254;33700;2021;1;0;0;0;0;0;0;0;0;0;0;0;1;0;1;0
45659;35200;2021;1;0;0;0;0;0;0;0;0;0;0;0;1;0;1;0
30295;39200;2020;1;0;0;0;0;0;0;0;0;0;0;0;1;0;1;0
43516;38100;2022;0;0;1;0;0;0;0;0;0;0;0;0;1;0;1;0
91833;43200;2018;0;0;0;0;0;0;0;0;0;0;0;0;1;1;1;0
124003;39500;2018;0;0;0;0;0;0;0;0;0;0;0;0;1;1;1;0
115609;44500;2019;0;0;0;0;0;0;0;0;0;0;0;0;1;1;1;0
56744;46500;2019;0;1;0;0;0;0;0;0;0;0;0;0;1;0;1;0
88817;47000;2019;0;1;0;0;0;0;0;0;0;0;0;0;1;0;1;0
12996;47800;2023;1;0;0;0;0;0;0;0;0;0;0;0;1;0;1;0
75286;48500;2019;0;0;0;0;0;0;0;0;0;0;0;0;1;1;1;0
98188;49000;2019;0;0;0;0;0;0;0;0;0;0;0;0;1;1;1;0
52351;49900;2018;0;0;0;0;0;0;0;0;0;0;0;0;1;1;1;0
84586;51400;2019;0;0;0;0;0;0;0;0;0;0;0;0;1;1;1;0
64177;53800;2019;0;0;0;0;0;0;0;0;0;0;0;0;1;1;1;0
55363;56000;2019;0;0;0;0;0;0;0;0;0;0;0;0;1;1;1;0
59115;57000;2020;0;0;0;0;0;0;0;0;0;0;0;0;1;1;1;0
12384;94000;2023;0;0;0;0;0;0;0;0;0;0;0;0;1;1;1;0
86;109290;2023;0;0;0;0;0;0;0;0;0;0;0;0;1;1;1;0
26;117090;2023;0;0;0;0;0;0;0;0;0;0;0;0;1;1;1;0
72649;27900;2019;1;0;0;0;0;0;0;0;1;0;0;0;0;0;1;0
136792;30000;2021;1;0;0;0;0;0;0;0;1;0;0;0;0;0;1;0
42434;30200;2021;1;0;0;0;0;0;0;0;1;0;0;0;0;0;1;0
91051;32400;2021;1;0;0;0;0;0;0;0;1;0;0;0;0;0;1;0
26036;35700;2023;1;0;0;0;0;0;0;0;1;0;0;0;0;0;1;0
64707;35900;2021;1;0;0;0;0;0;0;0;1;0;0;0;0;0;1;0
38031;36000;2020;1;0;0;0;0;0;0;0;1;0;0;0;0;0;1;0
42177;35900;2021;1;0;0;0;0;0;0;0;1;0;0;0;0;0;1;0
10713;45500;2023;0;0;1;0;0;0;0;0;1;0;0;0;0;0;1;0
90274;44700;2019;0;1;0;0;0;0;0;0;1;0;0;0;0;0;1;0
52;41870;2024;1;0;0;0;0;0;0;0;1;0;0;0;0;0;1;0
10;41900;2024;1;0;0;0;0;0;0;0;1;0;0;0;0;0;1;0
0;41990;2025;1;0;0;0;0;0;0;0;1;0;0;0;0;0;1;0
0;41990;2024;1;0;0;0;0;0;0;0;1;0;0;0;0;0;1;0
0;41990;2024;1;0;0;0;0;0;0;0;1;0;0;0;0;0;1;0
15;42020;2024;1;0;0;0;0;0;0;0;1;0;0;0;0;0;1;0
23;43020;2024;1;0;0;0;0;0;0;0;1;0;0;0;0;0;1;0
12;43140;2024;1;0;0;0;0;0;0;0;1;0;0;0;0;0;1;0
0;43180;2025;1;0;0;0;0;0;0;0;1;0;0;0;0;0;1;0
0;43180;2025;1;0;0;0;0;0;0;0;1;0;0;0;0;0;1;0
0;43180;2024;1;0;0;0;0;0;0;0;1;0;0;0;0;0;1;0
12;43290;2024;1;0;0;0;0;0;0;0;1;0;0;0;0;0;1;0
0;43340;2025;1;0;0;0;0;0;0;0;1;0;0;0;0;0;1;0
0;43340;2024;1;0;0;0;0;0;0;0;1;0;0;0;0;0;1;0
13;50430;2024;1;0;0;0;0;0;0;0;1;0;0;0;0;0;1;0
70;51560;2024;1;0;0;0;0;0;0;0;1;0;0;0;0;0;1;0
10;51580;2024;1;0;0;0;0;0;0;0;1;0;0;0;0;0;1;0
0;51600;2024;1;0;0;0;0;0;0;0;1;0;0;0;0;0;1;0
0;51990;2024;1;0;0;0;0;0;0;0;1;0;0;0;0;0;1;0
15;52600;2024;1;0;0;0;0;0;0;0;1;0;0;0;0;0;1;0
10;53020;2024;1;0;0;0;0;0;0;0;1;0;0;0;0;0;1;0
0;53180;2025;1;0;0;0;0;0;0;0;1;0;0;0;0;0;1;0
0;53180;2024;1;0;0;0;0;0;0;0;1;0;0;0;0;0;1;0
0;53180;2024;1;0;0;0;0;0;0;0;1;0;0;0;0;0;1;0
0;53340;2025;1;0;0;0;0;0;0;0;1;0;0;0;0;0;1;0
0;53340;2024;1;0;0;0;0;0;0;0;1;0;0;0;0;0;1;0
15;53900;2024;1;0;0;0;0;0;0;0;1;0;0;0;0;0;1;0
2192;55190;2024;1;0;0;0;0;0;0;0;1;0;0;0;0;0;1;0
12;55720;2024;1;0;0;0;0;0;0;0;1;0;0;0;0;0;1;0
12;59340;2024;1;0;0;0;0;0;0;0;1;0;0;0;0;0;1;0
11;59490;2025;1;0;0;0;0;0;0;0;1;0;0;0;0;0;1;0
24;59490;2024;1;0;0;0;0;0;0;0;1;0;0;0;0;0;1;0
17;60680;2024;1;0;0;0;0;0;0;0;1;0;0;0;0;0;1;0
11;64480;2024;1;0;0;0;0;0;0;0;1;0;0;0;0;0;1;0
5313;101360;2024;0;1;0;0;0;0;0;0;1;0;0;0;0;0;1;0
21;102710;2024;0;1;0;0;0;0;0;0;1;0;0;0;0;0;1;0
26;109200;2024;0;0;0;0;0;0;0;0;1;0;0;0;0;1;1;0
17;110390;2024;0;0;0;0;0;0;0;0;1;0;0;0;0;1;1;0
197;113530;2024;0;0;0;0;0;0;0;0;1;0;0;0;0;1;1;0
31;113790;2024;0;0;0;0;0;0;0;0;1;0;0;0;0;1;1;0
26;116290;2024;0;0;0;0;0;0;0;0;1;0;0;0;0;1;1;0
17;119690;2024;0;0;0;0;0;0;0;0;1;0;0;0;0;1;1;0
0;125890;2024;0;0;0;0;0;0;0;0;1;0;0;0;0;1;1;0
10;41290;2025;1;0;0;0;0;1;0;0;0;0;0;0;0;0;1;0
2309;41570;2024;1;0;0;0;0;1;0;0;0;0;0;0;0;0;1;0
0;42480;2025;1;0;0;0;0;1;0;0;0;0;0;0;0;0;1;0
0;42640;2025;1;0;0;0;0;1;0;0;0;0;0;0;0;0;1;0
10;42640;2024;1;0;0;0;0;1;0;0;0;0;0;0;0;0;1;0
536;46410;2025;1;0;0;0;0;1;0;0;0;0;0;0;0;0;1;0
326;46620;2025;1;0;0;0;0;1;0;0;0;0;0;0;0;0;1;0
0;51290;2025;1;0;0;0;0;1;0;0;0;0;0;0;0;0;1;0
0;51290;2024;1;0;0;0;0;1;0;0;0;0;0;0;0;0;1;0
10;51290;2024;1;0;0;0;0;1;0;0;0;0;0;0;0;0;1;0
0;52480;2025;1;0;0;0;0;1;0;0;0;0;0;0;0;0;1;0
0;52640;2025;1;0;0;0;0;1;0;0;0;0;0;0;0;0;1;0
0;52640;2024;1;0;0;0;0;1;0;0;0;0;0;0;0;0;1;0
10;56440;2024;1;0;0;0;0;1;0;0;0;0;0;0;0;0;1;0
0;59980;2024;1;0;0;0;0;1;0;0;0;0;0;0;0;0;1;0
28;112790;2024;0;0;0;0;0;1;0;0;0;0;0;0;0;1;1;0
18;115490;2024;0;1;0;0;0;1;0;0;0;0;0;0;0;0;1;0
26;116120;2024;0;1;0;0;0;1;0;0;0;0;0;0;0;0;1;0
20;117590;2024;0;0;0;0;0;1;0;0;0;0;0;0;0;1;1;0
